timestamp,open,high,low,close,volume,complete
2025-05-10T11:45:00Z,102503.42,103001.91,102503.42,102701.02,7.62627749,true
2025-05-10T11:30:00Z,102912.65,103076.64,102503.42,102503.42,8.30274481,true
2025-05-10T11:15:00Z,102503.42,103141.12,102503.42,102912.65,8.44663959,true
2025-05-10T11:00:00Z,102859.29,103185.23,102503.42,102503.42,8.41134651,true
2025-05-10T10:45:00Z,102503.42,103113.27,102503.42,102859.29,7.08521263,true
2025-05-10T10:30:00Z,103172.24,103288.83,102503.42,102503.42,7.91567445,true
2025-05-10T10:15:00Z,102989.66,103272.95,102503.42,103172.24,10.62127086,true
2025-05-10T10:00:00Z,102754.45,103258.35,102503.42,102989.66,9.83131936,true
2025-05-10T09:45:00Z,102605.93,103225.54,102503.42,102754.45,11.43326834,true
2025-05-10T09:30:00Z,102503.42,103058.09,102503.42,102605.93,8.03702249,true
2025-05-10T09:15:00Z,102726.04,103019.03,102503.42,102503.42,8.33776738,true
2025-05-10T09:00:00Z,102767.69,103217.94,102726.04,102726.04,7.34310567,true
2025-05-10T08:45:00Z,103223.44,103353.24,102767.69,102767.69,8.62125085,true
2025-05-10T08:30:00Z,103212.89,103331.77,102982.65,103223.44,11.57302924,true
2025-05-10T08:15:00Z,102503.42,103224.97,102503.42,103212.89,14.1103682,true
2025-05-10T08:00:00Z,102863.66,103012.95,102503.42,102503.42,7.68343502,true
2025-05-10T07:45:00Z,102781.47,103159.32,102646.76,102863.66,7.29594591,true
2025-05-10T07:30:00Z,102503.42,103118.93,102503.42,102781.47,7.77012772,true
2025-05-10T07:15:00Z,102503.43,102913.44,102503.42,102503.42,7.77521579,true
2025-05-10T07:00:00Z,102503.42,103112.27,102503.42,102503.43,13.22069784,true
2025-05-10T06:45:00Z,102503.42,102782.61,102503.42,102503.42,9.69479615,true
2025-05-10T06:30:00Z,102503.42,102773.98,102503.42,102503.42,8.40609732,true
2025-05-10T06:15:00Z,102503.42,102770.66,102503.42,102503.42,9.47498753,true
2025-05-10T06:00:00Z,102503.42,102763.37,102503.42,102503.42,9.87480848,true
2025-05-10T05:45:00Z,102647.71,102717.79,102503.42,102503.42,8.39926589,true
2025-05-10T05:30:00Z,102636.39,102677.61,102503.42,102647.71,8.75551034,true
2025-05-10T05:15:00Z,102503.42,102646.3,102503.42,102636.39,9.86973378,true
2025-05-10T05:00:00Z,102503.42,102627.89,102503.42,102503.42,7.98353418,true
2025-05-10T04:45:00Z,102605.93,102626.31,102503.42,102503.42,8.12548962,true
2025-05-10T04:30:00Z,102503.42,102626.31,102503.42,102605.93,7.56485342,true
2025-05-10T04:15:00Z,102503.42,102629.87,102503.42,102503.42,7.28198794,true
2025-05-10T04:00:00Z,102503.42,102629.87,102503.42,102503.42,10.86193699,true
2025-05-10T03:45:00Z,102503.42,102615.86,102503.42,102503.42,11.36278766,true
2025-05-10T03:30:00Z,102503.42,102606.93,102503.42,102503.42,7.6799913,true
2025-05-10T03:15:00Z,102504.42,102606.93,102503.42,102503.42,8.04576525,true
2025-05-10T03:00:00Z,102503.42,102627.96,102503.42,102504.42,13.08846843,true
2025-05-10T02:45:00Z,102503.42,102535.83,102503.42,102503.42,7.95185146,true
2025-05-10T02:30:00Z,101454.89,102513.61,100708.28,102503.42,8.59336016,true
2025-05-10T02:15:00Z,102207.04,102503.42,101454.89,101454.89,13.84942316,true
2025-05-10T02:00:00Z,102207.04,102355.12,102207.04,102207.04,9.77559294,true
2025-05-10T01:45:00Z,102309.26,102531.6,102207.04,102207.04,9.74583384,true
2025-05-10T01:30:00Z,102516.35,102545.9,102207.04,102309.26,8.62543876,true
2025-05-10T01:15:00Z,99231.52,102526.7,99231.51,102516.35,11.05706771,true
2025-05-10T01:00:00Z,101527.88,102451.38,98921.8,99231.52,8.39648003,true
2025-05-10T00:45:00Z,101836.44,101938.29,96382.61,101527.88,9.03724643,true
2025-05-10T00:30:00Z,101748.55,102451.38,99946.77,101836.44,10.46945003,true
2025-05-10T00:15:00Z,97948.96,102451.38,97920.82,101748.55,11.38440282,true
2025-05-10T00:00:00Z,102153.5,102255.66,97948.96,97948.96,9.39867284,true
2025-05-09T23:45:00Z,102306.56,102426.8,100936.3,102153.5,8.61812442,true
2025-05-09T23:30:00Z,101963,102560.99,101963,102306.56,8.95297094,true
2025-05-09T23:15:00Z,102169.39,102425.9,101494.31,101963,7.76922268,true
2025-05-09T23:00:00Z,99423.59,102545.49,88587.51,102169.39,12.87870145,true
2025-05-09T22:45:00Z,98655.24,102545.49,98254.29,99423.59,8.82674107,true
2025-05-09T22:30:00Z,99700.19,102545.49,98655.23,98655.24,8.89550704,true
2025-05-09T22:15:00Z,102301.6,102545.49,99510.68,99700.19,9.76077114,true
2025-05-09T22:00:00Z,99487.64,102525.8,98655.23,102301.6,9.78384152,true
2025-05-09T21:45:00Z,98655.23,102545.49,98655.23,99487.64,12.98360125,true
2025-05-09T21:30:00Z,100524.98,102118.45,98655.23,98655.23,8.61055246,true
2025-05-09T21:15:00Z,102288.63,102390.93,99952.22,100524.98,9.81451289,true
2025-05-09T21:00:00Z,99650.11,102382.24,98655.23,102288.63,11.72952406,true
2025-05-09T20:45:00Z,98655.23,99650.11,98655.23,99650.11,7.18340962,true
2025-05-09T20:30:00Z,102570.38,102770.2,98655.23,98655.23,8.03450859,true
2025-05-09T20:15:00Z,102660.27,102765.16,101619.99,102570.38,10.82037561,true
2025-05-09T20:00:00Z,102502.67,102707.37,100507.81,102660.27,12.4372775,true
2025-05-09T19:45:00Z,101344.07,102527.24,100507.81,102502.67,9.55030529,true
2025-05-09T19:30:00Z,98655.23,102452.88,98655.23,101344.07,11.18070536,true
2025-05-09T19:15:00Z,102215.89,102624.76,98655.23,98655.23,8.10063203,true
2025-05-09T19:00:00Z,102609.22,102746.46,102215.89,102215.89,7.77571747,true
2025-05-09T18:45:00Z,101942.43,102746.46,101942.43,102609.22,9.82706279,true
2025-05-09T18:30:00Z,102287.5,102624.54,101605.03,101942.43,10.50302106,true
2025-05-09T18:15:00Z,102400.21,102568.39,101215.71,102287.5,8.06228839,true
2025-05-09T18:00:00Z,102377.29,102603.41,102100.56,102400.21,7.44982025,true
2025-05-09T17:45:00Z,102461.13,102592.12,101824.58,102377.29,9.50739258,true
2025-05-09T17:30:00Z,102119.1,102492.21,101507.79,102461.13,8.21780624,true
2025-05-09T17:15:00Z,101996.89,102489.26,101215.71,102119.1,10.19226921,true
2025-05-09T17:00:00Z,101668.13,102123.46,98655.23,101996.89,9.5938076,true
2025-05-09T16:45:00Z,102098.68,102247.26,101668.13,101668.13,6.97519118,true
2025-05-09T16:30:00Z,101156.9,102489.26,101156.9,102098.68,7.69887037,true
2025-05-09T16:15:00Z,102169.25,102271.43,101156.9,101156.9,8.585026,true
2025-05-09T16:00:00Z,98655.23,102554.06,98655.23,102169.25,9.35332382,true
2025-05-09T15:45:00Z,98656.95,102535.29,98655.23,98655.23,19.06123283,true
2025-05-09T15:30:00Z,100896.69,102126.72,93452.47,98656.95,15.48160109,true
2025-05-09T15:15:00Z,99042.29,101774.03,93452.47,100896.69,11.23217474,true
2025-05-09T15:00:00Z,102276.39,102378.68,99042.29,99042.29,7.29902641,true
2025-05-09T14:45:00Z,81227.63,102378.68,80821.88,102276.39,18.45052961,true
2025-05-09T14:30:00Z,101954.44,102368.58,81065.32,81227.63,9.44854648,true
2025-05-09T14:15:00Z,102834.18,102849.88,101723.5,101954.44,9.02596601,true
2025-05-09T14:00:00Z,102580.62,102834.18,102207.2,102834.18,12.7663237,true
2025-05-09T13:45:00Z,102555.51,102678.75,101723.51,102580.62,9.56097854,true
2025-05-09T13:30:00Z,102410.69,102598.86,102035.39,102555.51,11.89051686,true
2025-05-09T13:15:00Z,102420.91,102507.71,101412.56,102410.69,7.82667093,true
2025-05-09T13:00:00Z,102274.8,102481.39,101744.68,102420.91,7.97927739,true
2025-05-09T12:45:00Z,102300.14,102527.82,101955.33,102274.8,7.46329694,true
2025-05-09T12:30:00Z,102545.41,102645.79,102239.38,102300.14,9.04787838,true
2025-05-09T12:15:00Z,102726.57,102833.26,101615.06,102545.41,7.87445748,true
2025-05-09T12:00:00Z,102054.33,102829.31,102049.98,102726.57,13.6565413,true
2025-05-09T11:45:00Z,102568.94,102692.41,102054.33,102054.33,7.30161522,true
2025-05-09T11:30:00Z,102175.17,102726.57,101796,102568.94,9.60665621,true
2025-05-09T11:15:00Z,102435.37,102726.57,102175.17,102175.17,8.47091289,true
2025-05-09T11:00:00Z,102504.09,102635.66,102219.77,102435.37,11.42367412,true
2025-05-09T10:45:00Z,102530.76,102594.8,101936.24,102504.09,10.22009048,true
2025-05-09T10:30:00Z,102489.83,102574.03,102140.26,102530.76,7.33067788,true
2025-05-09T10:15:00Z,101701.69,102542.62,101660.17,102489.83,10.65326036,true
2025-05-09T10:00:00Z,101412.56,102370.05,101412.56,101701.69,9.82599694,true
2025-05-09T09:45:00Z,101290.57,102303.49,101290.57,101412.56,9.21692569,true
2025-05-09T09:30:00Z,101903.17,102471.62,101290.57,101290.57,7.90218295,true
2025-05-09T09:15:00Z,102261.27,102421.06,101344.68,101903.17,8.83206655,true
2025-05-09T09:00:00Z,102166.73,102507.43,101344.68,102261.27,8.82220399,true
2025-05-09T08:45:00Z,102582.02,102684.61,101344.68,102166.73,7.69202254,true
2025-05-09T08:30:00Z,102906.24,103214.65,101950.12,102582.02,8.28838788,true
2025-05-09T08:15:00Z,102564.21,103275.06,100632.9,102906.24,8.33762689,true
2025-05-09T08:00:00Z,102622.79,102725.87,100801.44,102564.21,12.44463697,true
2025-05-09T07:45:00Z,101964.79,102709.71,100987.87,102622.79,10.4120675,true
2025-05-09T07:30:00Z,102314.83,102689.63,101964.79,101964.79,10.68957195,true
2025-05-09T07:15:00Z,102527.58,102579.51,101560.57,102314.83,12.26109951,true
2025-05-09T07:00:00Z,102379.28,102535.87,102119.85,102527.58,16.55836184,true
2025-05-09T06:45:00Z,99141.86,102406.42,99141.86,102379.28,13.49848545,true
2025-05-09T06:30:00Z,102324.44,102366.97,93592.08,99141.86,10.22293766,true
2025-05-09T06:15:00Z,102246.08,102342.69,101267.41,102324.44,12.30097758,true
2025-05-09T06:00:00Z,102110.3,102284.08,101809.8,102246.08,12.25622078,true
2025-05-09T05:45:00Z,101660.09,102199.39,101561.4,102110.3,9.04881448,true
2025-05-09T05:30:00Z,101947.9,102168.9,101643.59,101660.09,9.70122843,true
2025-05-09T05:15:00Z,102113.15,102164.78,101478.91,101947.9,7.68082076,true
2025-05-09T05:00:00Z,102096.31,102160.07,101500.61,102113.15,12.06717959,true
2025-05-09T04:45:00Z,101894.61,102118.15,98860.12,102096.31,13.32085809,true
2025-05-09T04:30:00Z,98249.35,102072.82,93592.08,101894.61,10.73358329,true
2025-05-09T04:15:00Z,102013.07,102072.82,98151.19,98249.35,8.22511496,true
2025-05-09T04:00:00Z,101896.08,102013.07,101370.74,102013.07,7.95233887,true
2025-05-09T03:45:00Z,101567.98,101997.98,101046.67,101896.08,7.73324462,true
2025-05-09T03:30:00Z,101611.12,102166.4,101154.84,101567.98,8.10418333,true
2025-05-09T03:15:00Z,102071.86,102142.77,101611.12,101611.12,7.18311865,true
2025-05-09T03:00:00Z,102011.96,102142.77,101427.24,102071.86,7.7510012,true
2025-05-09T02:45:00Z,102184.79,102286.84,101711.58,102011.96,7.74185415,true
2025-05-09T02:30:00Z,101892.97,102297.54,101046.67,102184.79,9.05110671,true
2025-05-09T02:15:00Z,102147.53,102390.85,101892.97,101892.97,8.30887035,true
2025-05-09T02:00:00Z,102221.61,102387.2,101951.29,102147.53,9.04824828,true
2025-05-09T01:45:00Z,101720.95,102328.48,101383.25,102221.61,11.54199479,true
2025-05-09T01:30:00Z,101758.44,102134.96,101046.67,101720.95,8.58938861,true
2025-05-09T01:15:00Z,102165.04,102183.19,101758.44,101758.44,7.814033,true
2025-05-09T01:00:00Z,101395.77,102290.4,101245.41,102165.04,7.82494276,true
2025-05-09T00:45:00Z,101786.16,102229.88,101395.77,101395.77,8.330393,true
2025-05-09T00:30:00Z,101920.12,102369.59,100017.9,101786.16,10.41848146,true
2025-05-09T00:15:00Z,102543.39,102543.39,98151.19,101920.12,9.95712982,true
2025-05-09T00:00:00Z,102421.03,102618.14,102260.24,102543.39,9.56135642,true
2025-05-08T23:45:00Z,99825.99,102600,99072.94,102421.03,11.87417406,true
2025-05-08T23:30:00Z,99613.76,102600,99072.94,99825.99,12.00740841,true
2025-05-08T23:15:00Z,102391.81,102494.21,99613.76,99613.76,11.14417766,true
2025-05-08T23:00:00Z,98151.19,102600,98151.19,102391.81,11.7545471,true
2025-05-08T22:45:00Z,101481.52,101856.11,81000.02,98151.19,18.41651484,true
2025-05-08T22:30:00Z,101705.27,102227.86,95765.98,101481.52,24.80598257,true
2025-05-08T22:15:00Z,101917.48,102227.52,101603.66,101705.27,9.06210798,true
2025-05-08T22:00:00Z,102159.43,102261.6,100978.92,101917.48,8.55095547,true
2025-05-08T21:45:00Z,101749.53,102274.6,99812.05,102159.43,11.8296743,true
2025-05-08T21:30:00Z,101468.7,102600,100098.33,101749.53,13.65044527,true
2025-05-08T21:15:00Z,101151.99,102100.43,100098.45,101468.7,14.0999779,true
2025-05-08T21:00:00Z,101145.7,101861.96,100802.36,101151.99,8.35577762,true
2025-05-08T20:45:00Z,101179.55,101861.96,100458.22,101145.7,11.67580912,true
2025-05-08T20:30:00Z,100172.09,101379.51,100166.63,101179.55,13.29265542,true
2025-05-08T20:15:00Z,100730.44,101034.09,100172.09,100172.09,7.8715827,true
2025-05-08T20:00:00Z,100536.29,100881.46,100172.09,100730.44,13.01245511,true
2025-05-08T19:45:00Z,100727.23,100795.46,100379.42,100536.29,8.85676629,true
2025-05-08T19:30:00Z,100587.24,100789.82,100379.45,100727.23,9.685554,true
2025-05-08T19:15:00Z,100004.51,100594.76,99884.45,100587.24,10.40149382,true
2025-05-08T19:00:00Z,100678.17,100884.96,99884.45,100004.51,8.47287125,true
2025-05-08T18:45:00Z,100392.38,100884.96,99904.6,100678.17,10.33963865,true
2025-05-08T18:30:00Z,100017.23,100723.72,98240.94,100392.38,13.85874092,true
2025-05-08T18:15:00Z,100223.97,100659.9,99519.22,100017.23,15.14085728,true
2025-05-08T18:00:00Z,99817.96,100539.94,98630.33,100223.97,10.6305328,true
2025-05-08T17:45:00Z,100334.38,100539.94,99817.96,99817.96,7.84187007,true
2025-05-08T17:30:00Z,99452.15,100533.43,98699.43,100334.38,14.64122235,true
2025-05-08T17:15:00Z,99351.29,100283.84,98860.24,99452.15,13.30180816,true
2025-05-08T17:00:00Z,99342.23,100194.97,99071.62,99351.29,10.64579239,true
2025-05-08T16:45:00Z,99806.83,100000,99342.23,99342.23,14.95362915,true
2025-05-08T16:30:00Z,99378.63,99819.75,98879.79,99806.83,14.33455323,true
2025-05-08T16:15:00Z,99188.09,99657.63,98383.45,99378.63,30.59139067,true
2025-05-08T16:00:00Z,97857.8,99188.09,97252.14,99188.09,31.34221875,true
2025-05-08T15:45:00Z,96669.51,99066.14,96669.51,97857.8,11.74950962,true
2025-05-08T15:30:00Z,98932.74,99065.12,96669.51,96669.51,13.56851535,true
2025-05-08T15:15:00Z,81227.63,99041.44,80821.88,98932.74,29.99003994,true
2025-05-08T15:00:00Z,98791.79,98962.4,80854.66,81227.63,13.14118386,true
2025-05-08T14:45:00Z,98493.57,99020.42,98382.88,98791.79,13.10197835,true
2025-05-08T14:30:00Z,98835.72,99002.42,98493.57,98493.57,19.97624365,true
2025-05-08T14:15:00Z,98886.67,98915.44,98382.89,98835.72,15.32010322,true
2025-05-08T14:00:00Z,98481.27,98886.67,98382.88,98886.67,10.3260766,true
2025-05-08T13:45:00Z,98884.84,98884.84,98382.88,98481.27,11.62296282,true
2025-05-08T13:30:00Z,98766.59,98900.55,98585.34,98884.84,10.69420522,true
2025-05-08T13:15:00Z,98665.28,98894.89,98665.28,98766.59,9.22688034,true
2025-05-08T13:00:00Z,98736.78,98850.07,98512.17,98665.28,11.01045857,true
2025-05-08T12:45:00Z,98769.25,98900.55,98578.92,98736.78,10.58456863,true
2025-05-08T12:30:00Z,98964.46,99020.27,98638.12,98769.25,9.34216241,true
2025-05-08T12:15:00Z,98973.63,99000.1,98681.36,98964.46,9.64763096,true
2025-05-08T12:00:00Z,98921.23,99020.27,98667.25,98973.63,10.74194327,true
2025-05-08T11:45:00Z,99041.55,99141.62,98792.97,98921.23,11.37795488,true
2025-05-08T11:30:00Z,98987,99119.95,98862.2,99041.55,8.83683815,true
2025-05-08T11:15:00Z,99117.11,99233.94,98847.65,98987,12.03354012,true
2025-05-08T11:00:00Z,98931.98,99233.94,98310.92,99117.11,8.42504057,true
2025-05-08T10:45:00Z,98860.2,99233.94,98835.7,98931.98,22.59253845,true
2025-05-08T10:30:00Z,99086.54,99158.75,98599.3,98860.2,13.34586786,true
2025-05-08T10:15:00Z,98542.57,99125.38,98310.92,99086.54,9.57734325,true
2025-05-08T10:00:00Z,99007.73,99092.63,98444.12,98542.57,7.8243055,true
2025-05-08T09:45:00Z,98614.52,99092.63,98498.34,99007.73,11.11519835,true
2025-05-08T09:30:00Z,98971.08,99120.32,98614.52,98614.52,7.86648161,true
2025-05-08T09:15:00Z,98813.54,99120.32,98810.71,98971.08,19.63694101,true
2025-05-08T09:00:00Z,98747.07,98906.05,98366.25,98813.54,23.80284463,true
2025-05-08T08:45:00Z,98752.55,98799.22,97979.79,98747.07,21.34738994,true
2025-05-08T08:30:00Z,98401.64,98752.55,98025.78,98752.55,11.9894407,true
2025-05-08T08:15:00Z,98402.66,98738.85,98303.33,98401.64,14.33692807,true
2025-05-08T08:00:00Z,98539.2,98689.39,98303.33,98402.66,11.23590889,true
2025-05-08T07:45:00Z,98381.24,98681.08,98068.03,98539.2,14.94154262,true
2025-05-08T07:30:00Z,98589.77,98607.53,98282.95,98381.24,12.67335202,true
2025-05-08T07:15:00Z,98381.24,98589.77,98282.95,98589.77,17.38712763,true
2025-05-08T07:00:00Z,98389.88,98466.56,97827.97,98381.24,14.82129318,true
2025-05-08T06:45:00Z,98360.72,98389.88,98087.14,98389.88,12.31015776,true
2025-05-08T06:30:00Z,98236.25,98377.19,98087.14,98360.72,9.97286737,true
2025-05-08T06:15:00Z,98248.71,98410.55,98087.14,98236.25,8.72075095,true
2025-05-08T06:00:00Z,98185.85,98411.13,97569.49,98248.71,13.44545106,true
2025-05-08T05:45:00Z,98209.18,98454.77,98185.84,98185.85,7.94030013,true
2025-05-08T05:30:00Z,98277.52,98462.11,98209.18,98209.18,9.61925746,true
2025-05-08T05:15:00Z,98454.35,98617.82,98277.52,98277.52,9.37280626,true
2025-05-08T05:00:00Z,98351.11,98610.84,97778.76,98454.35,14.85729863,true
2025-05-08T04:45:00Z,97799.9,98512.38,97799.89,98351.11,14.99801473,true
2025-05-08T04:30:00Z,98291.78,98469.27,97799.89,97799.9,17.26807824,true
2025-05-08T04:15:00Z,98325.69,98361.51,96823.5,98291.78,10.81387105,true
2025-05-08T04:00:00Z,97291.31,98325.69,81065.32,98325.69,21.60248604,true
2025-05-08T03:45:00Z,97640.99,98061.69,96889.82,97291.31,14.6837312,true
2025-05-08T03:30:00Z,97651.17,97892.37,96889.82,97640.99,12.15606456,true
2025-05-08T03:15:00Z,97512.15,97882.55,96415.24,97651.17,18.67094759,true
2025-05-08T03:00:00Z,81065.32,97670.13,81065.32,97512.15,16.33674351,true
2025-05-08T02:45:00Z,96854.18,97606.8,80821.88,81065.32,23.42625036,true
2025-05-08T02:30:00Z,97426.36,97606.1,96589.89,96854.18,18.14747748,true
2025-05-08T02:15:00Z,97132.97,97426.36,96861.05,97426.36,13.91054584,true
2025-05-08T02:00:00Z,97061.81,97373.27,96589.89,97132.97,15.76602976,true
2025-05-08T01:45:00Z,95760.6,97295.65,92434.49,97061.81,26.00906866,true
2025-05-08T01:30:00Z,95817.6,96864.08,94339.41,95760.6,17.25171596,true
2025-05-08T01:15:00Z,96703.11,96824.59,95817.6,95817.6,15.98086676,true
2025-05-08T01:00:00Z,96603.37,96757.23,96403.74,96703.11,32.82556179,true
2025-05-08T00:45:00Z,96224.04,96610.9,96220.48,96603.37,10.84723284,true
2025-05-08T00:30:00Z,96570.03,96596.33,96224.04,96224.04,9.25794826,true
2025-05-08T00:15:00Z,95699.26,96582.22,94339.41,96570.03,8.18493799,true
2025-05-08T00:00:00Z,93622.78,96582.22,93622.78,95699.26,11.34715806,true
2025-05-07T23:45:00Z,93689.93,95495.25,81065.32,93622.78,15.27981169,true
2025-05-07T23:30:00Z,81146.47,96512.51,80982.09,93689.93,20.64033296,true
2025-05-07T23:15:00Z,81065.32,87085.09,81065.32,81146.47,20.71612341,true
2025-05-07T23:00:00Z,95807.25,96512.51,80898.08,81065.32,10.40070561,true
2025-05-07T22:45:00Z,96391.27,96512.51,93971.05,95807.25,10.01751007,true
2025-05-07T22:30:00Z,96255.83,96422.35,95860.16,96391.27,9.80593598,true
2025-05-07T22:15:00Z,95287.79,96415.1,95073.7,96255.83,11.91917569,true
2025-05-07T22:00:00Z,95480.39,96398.45,95287.79,95287.79,15.77854266,true
2025-05-07T21:45:00Z,95888.82,96241.89,95480.39,95480.39,11.88738834,true
2025-05-07T21:30:00Z,95392.58,96201.14,95073.7,95888.82,15.1503547,true
2025-05-07T21:15:00Z,95638.71,96041.52,95392.58,95392.58,9.75123008,true
2025-05-07T21:00:00Z,95885.48,96033.56,95638.71,95638.71,24.15286653,true
2025-05-07T20:45:00Z,95712.53,95917.14,95392.58,95885.48,15.42935258,true
2025-05-07T20:30:00Z,95782.55,95870.41,94755.88,95712.53,10.09335054,true
2025-05-07T20:15:00Z,95843.17,95850.23,95205.17,95782.55,9.50043293,true
2025-05-07T20:00:00Z,95764.17,95849.45,95600.41,95843.17,8.53008502,true
2025-05-07T19:45:00Z,95507.18,95839.01,95236.52,95764.17,10.81034062,true
2025-05-07T19:30:00Z,95570.74,95953.03,94966.62,95507.18,11.52937655,true
2025-05-07T19:15:00Z,95877.08,95999.87,95570.74,95570.74,9.27880379,true
2025-05-07T19:00:00Z,95539.48,96118,95539.48,95877.08,14.15017302,true
2025-05-07T18:45:00Z,96039.95,96050.71,94681.48,95539.48,9.64065243,true
2025-05-07T18:30:00Z,95885.79,96050.71,95064.01,96039.95,8.15562825,true
2025-05-07T18:15:00Z,95693.43,96050.71,95064.01,95885.79,8.22832247,true
2025-05-07T18:00:00Z,96035.35,96050.71,95693.43,95693.43,7.36337748,true
2025-05-07T17:45:00Z,95833.72,96225.32,95448.09,96035.35,8.68434784,true
2025-05-07T17:30:00Z,95786.35,96596.33,94681.48,95833.72,9.46541004,true
2025-05-07T17:15:00Z,96151.62,96300.96,95786.35,95786.35,7.61296886,true
2025-05-07T17:00:00Z,95786.36,96436.3,95786.35,96151.62,10.07799165,true
2025-05-07T16:45:00Z,94056.9,96292.25,91442.74,95786.36,13.62243934,true
2025-05-07T16:30:00Z,93141.97,96489.73,90208.11,94056.9,10.08098067,true
2025-05-07T16:15:00Z,95248.26,95341.12,93141.97,93141.97,7.97719331,true
2025-05-07T16:00:00Z,95682.43,96272.48,95248.26,95248.26,7.81354806,true
2025-05-07T15:45:00Z,95983.67,96161.51,95682.43,95682.43,7.46226375,true
2025-05-07T15:30:00Z,96511.42,96596.33,95983.67,95983.67,7.62978081,true
2025-05-07T15:15:00Z,96456.88,96596.33,95720.88,96511.42,9.70120886,true
2025-05-07T15:00:00Z,96332.99,96662.74,95720.88,96456.88,10.75464397,true
2025-05-07T14:45:00Z,96528.5,96662.74,95820.8,96332.99,8.54431918,true
2025-05-07T14:30:00Z,96569.04,96629.56,95820.81,96528.5,20.81541491,true
2025-05-07T14:15:00Z,95863.94,96587.44,95783.48,96569.04,14.59472531,true
2025-05-07T14:00:00Z,96313.33,96538.81,95863.94,95863.94,7.71169395,true
2025-05-07T13:45:00Z,95916.85,96554.44,95863.94,96313.33,16.81028105,true
2025-05-07T13:30:00Z,96317.48,96500.09,95916.85,95916.85,13.73441646,true
2025-05-07T13:15:00Z,96126.13,96415.07,96077.08,96317.48,8.56038398,true
2025-05-07T13:00:00Z,96324.43,96523.15,96126.12,96126.13,7.95945588,true
2025-05-07T12:45:00Z,96143.29,96523.15,95928.22,96324.43,10.58276666,true
2025-05-07T12:30:00Z,96073.3,96530.47,95968.57,96143.29,9.42029182,true
2025-05-07T12:15:00Z,96346.95,96530.47,96073.3,96073.3,8.02585524,true
2025-05-07T12:00:00Z,96479.84,96530.47,96250.69,96346.95,8.26492571,true
2025-05-07T11:45:00Z,96428.41,96530.47,96342.69,96479.84,8.23740307,true
2025-05-07T11:30:00Z,96174.27,96526.6,96073.3,96428.41,12.12565912,true
2025-05-07T11:15:00Z,96314.1,96517.28,96174.26,96174.27,8.21313915,true
2025-05-07T11:00:00Z,96476.38,96517.28,96073.31,96314.1,11.17296935,true
2025-05-07T10:45:00Z,96257.88,96476.38,96073.3,96476.38,24.21102127,true
2025-05-07T10:30:00Z,95704.34,96359.31,95248.26,96257.88,12.37449106,true
2025-05-07T10:15:00Z,96247.13,96302.05,95704.34,95704.34,8.58614274,true
2025-05-07T10:00:00Z,96018.17,96302.05,95704.34,96247.13,10.52326242,true
2025-05-07T09:45:00Z,95701.39,96256.12,95248.26,96018.17,13.30683781,true
2025-05-07T09:30:00Z,95905.84,96238.78,95659.25,95701.39,10.79953459,true
2025-05-07T09:15:00Z,96194.11,96211.42,95659.25,95905.84,13.34593514,true
2025-05-07T09:00:00Z,95673.76,96199.6,95248.26,96194.11,17.99227784,true
2025-05-07T08:45:00Z,96101.16,96168.23,95673.76,95673.76,9.9907197,true
2025-05-07T08:30:00Z,95245,96168.23,94727.75,96101.16,11.39578091,true
2025-05-07T08:15:00Z,93479.37,96161.18,93479.36,95245,19.05825658,true
2025-05-07T08:00:00Z,95438.86,96127.34,80951.69,93479.37,17.21260075,true
2025-05-07T07:45:00Z,95328.88,96107.25,94971.26,95438.86,11.13005727,true
2025-05-07T07:30:00Z,95229.97,96106.48,94971.26,95328.88,11.41453258,true
2025-05-07T07:15:00Z,96060.7,96098.15,95229.97,95229.97,20.048558,true
2025-05-07T07:00:00Z,95985.58,96093.59,95733.05,96060.7,8.26831157,true
2025-05-07T06:45:00Z,96102.15,96106.48,95229.97,95985.58,10.11465773,true
2025-05-07T06:30:00Z,96002.02,96102.15,95229.97,96102.15,10.8020787,true
2025-05-07T06:15:00Z,95792.98,96002.02,95519.04,96002.02,10.24235232,true
2025-05-07T06:00:00Z,95658.79,96001.02,95229.97,95792.98,13.37982874,true
2025-05-07T05:45:00Z,95762.69,95915.83,95487.8,95658.79,8.28027453,true
2025-05-07T05:30:00Z,95858.03,96001.02,95667.01,95762.69,8.16871382,true
2025-05-07T05:15:00Z,95752.85,96002.64,95714.25,95858.03,11.41300414,true
2025-05-07T05:00:00Z,95884.58,96127.34,95752.85,95752.85,8.91222932,true
2025-05-07T04:45:00Z,95869.28,96063.83,95714.25,95884.58,12.85097431,true
2025-05-07T04:30:00Z,96112.72,96112.72,95714.25,95869.28,10.24171217,true
2025-05-07T04:15:00Z,95543.38,96112.72,95487.8,96112.72,10.2420411,true
2025-05-07T04:00:00Z,96005.55,96103.62,95543.38,95543.38,9.63671072,true
2025-05-07T03:45:00Z,95229.97,96036.65,95229.97,96005.55,10.56404275,true
2025-05-07T03:30:00Z,95794.88,96072.12,95229.97,95229.97,14.7936161,true
2025-05-07T03:15:00Z,96042.81,96170.86,95368.92,95794.88,8.90582428,true
2025-05-07T03:00:00Z,96101.49,96197.6,95720.34,96042.81,8.72248185,true
2025-05-07T02:45:00Z,96277.29,96354.8,95779.88,96101.49,9.11240696,true
2025-05-07T02:30:00Z,96266.47,96425.37,95913.79,96277.29,9.82142367,true
2025-05-07T02:15:00Z,96091.88,96613.53,96091.88,96266.47,9.27085729,true
2025-05-07T02:00:00Z,96813.3,96963.08,96091.88,96091.88,8.82339851,true
2025-05-07T01:45:00Z,96824.49,97065.82,96663.75,96813.3,9.61764888,true
2025-05-07T01:30:00Z,96946.99,97065.82,96663.75,96824.49,9.45331636,true
2025-05-07T01:15:00Z,95779.87,97060.76,95779.87,96946.99,13.63537089,true
2025-05-07T01:00:00Z,94966.95,96309.48,94390.42,95779.87,15.41286101,true
2025-05-07T00:45:00Z,95587.09,96131.71,94683.23,94966.95,9.96207172,true
2025-05-07T00:30:00Z,95906.98,96002.9,95491.59,95587.09,8.22724456,true
2025-05-07T00:15:00Z,95745.33,96131.71,95528.87,95906.98,11.68362888,true
2025-05-07T00:00:00Z,95813.61,96110.73,95492.28,95745.33,18.1294563,true
2025-05-06T23:45:00Z,95688.19,95947.29,95170.65,95813.61,18.88491313,true
2025-05-06T23:30:00Z,95170.65,95790.93,95170.65,95688.19,18.4811899,true
2025-05-06T23:15:00Z,94677.98,95398.18,94198.31,95170.65,19.01695535,true
2025-05-06T23:00:00Z,93872.6,95126.91,93427.91,94677.98,29.56307489,true
2025-05-06T22:45:00Z,93872.6,94715.18,93872.59,93872.6,23.19986363,true
2025-05-06T22:30:00Z,93758.86,94563.39,93443.47,93872.6,17.25859244,true
2025-05-06T22:15:00Z,94212.37,94473.18,93758.86,93758.86,17.47173234,true
2025-05-06T22:00:00Z,94086.68,94445.55,94086.68,94212.37,32.05207353,true
2025-05-06T21:45:00Z,94037.88,94180.78,94023.2,94086.68,10.90819038,true
2025-05-06T21:30:00Z,93862.81,94096.87,93629.33,94037.88,9.48548583,true
2025-05-06T21:15:00Z,94197.36,94265.71,93396.43,93862.81,10.5887989,true
2025-05-06T21:00:00Z,94164.91,94265.71,93839.18,94197.36,8.8809878,true
2025-05-06T20:45:00Z,94191.76,94286.73,93856.3,94164.91,10.1943175,true
2025-05-06T20:30:00Z,93627.14,94286.73,93627.14,94191.76,8.07624955,true
2025-05-06T20:15:00Z,92736.09,94286.73,92736.09,93627.14,15.54200782,true
2025-05-06T20:00:00Z,91015.7,94228.52,91015.7,92736.09,11.67308988,true
2025-05-06T19:45:00Z,81146.47,94212.08,81065.32,91015.7,14.98951053,true
2025-05-06T19:30:00Z,93993.19,94087.18,81065.32,81146.47,7.37609929,true
2025-05-06T19:15:00Z,93210.66,94212.08,92416.82,93993.19,17.30659949,true
2025-05-06T19:00:00Z,93936.16,94147.21,93210.66,93210.66,14.02313987,true
2025-05-06T18:45:00Z,93867.41,94136.02,93521.34,93936.16,19.3391553,true
2025-05-06T18:30:00Z,93598.86,94075.37,93005.96,93867.41,10.36778681,true
2025-05-06T18:15:00Z,93497.79,94075.21,81065.32,93598.86,16.91712447,true
2025-05-06T18:00:00Z,93891.57,94075.21,93497.79,93497.79,7.47311778,true
2025-05-06T17:45:00Z,93844.77,94075.21,93731.72,93891.57,9.7933353,true
2025-05-06T17:30:00Z,93714.49,94022.82,93438.76,93844.77,19.01572244,true
2025-05-06T17:15:00Z,91625.55,93977.67,91625.55,93714.49,17.87420213,true
2025-05-06T17:00:00Z,81065.32,92243.65,81065.32,91625.55,23.96384112,true
2025-05-06T16:45:00Z,93458.8,93859.42,81065.32,81065.32,8.05780979,true
2025-05-06T16:30:00Z,93803.17,93952.7,93365.42,93458.8,18.34742765,true
2025-05-06T16:15:00Z,93718.56,93872.29,93365.42,93803.17,11.01631983,true
2025-05-06T16:00:00Z,93512.55,93871.98,93013.62,93718.56,11.58206759,true
2025-05-06T15:45:00Z,93703.5,93851.56,93107.81,93512.55,18.89993141,true
2025-05-06T15:30:00Z,93628.18,93797.21,93107.81,93703.5,14.54429305,true
2025-05-06T15:15:00Z,93444.59,93716.52,93318.88,93628.18,10.06420569,true
2025-05-06T15:00:00Z,93592.57,93731.96,93122.41,93444.59,9.45808341,true
2025-05-06T14:45:00Z,93727.52,93781.7,93425.27,93592.57,9.91443138,true
2025-05-06T14:30:00Z,93611.26,93775.16,93397.39,93727.52,13.5173846,true
2025-05-06T14:15:00Z,93220.02,93704.88,92787.51,93611.26,22.86423885,true
2025-05-06T14:00:00Z,92467.74,93333.55,92467.46,93220.02,14.50342079,true
2025-05-06T13:45:00Z,93040.19,93133.24,92467.74,92467.74,7.48829999,true
2025-05-06T13:30:00Z,93234.25,93304.76,93040.19,93040.19,8.66518423,true
2025-05-06T13:15:00Z,93187.17,93295.63,92846.54,93234.25,10.13910091,true
2025-05-06T13:00:00Z,93458.83,93577.47,93072.52,93187.17,11.45348892,true
2025-05-06T12:45:00Z,93014.19,93581.57,92424.82,93458.83,9.28614956,true
2025-05-06T12:30:00Z,93212.21,93596.39,93014.19,93014.19,10.67155267,true
2025-05-06T12:15:00Z,93260.83,93370.12,93119.08,93212.21,9.18252374,true
2025-05-06T12:00:00Z,93144.77,93400.75,92424.82,93260.83,10.58127236,true
2025-05-06T11:45:00Z,93356.94,93423.9,92985.41,93144.77,8.48249009,true
2025-05-06T11:30:00Z,93400.26,93492.7,92985.41,93356.94,9.08490582,true
2025-05-06T11:15:00Z,92566.22,93493.66,92522.86,93400.26,9.55628254,true
2025-05-06T11:00:00Z,91569.17,93373.71,91569.16,92566.22,9.86038131,true
2025-05-06T10:45:00Z,93288.49,93381.79,91569.16,91569.17,8.32510749,true
2025-05-06T10:30:00Z,90041.92,93735.34,89789.97,93288.49,10.112063,true
2025-05-06T10:15:00Z,91919.93,93726.21,89970.6,90041.92,16.05230715,true
2025-05-06T10:00:00Z,93729.81,93735.34,91919.93,91919.93,5.10107995,true
2025-05-06T09:45:00Z,93649,93750.14,93498.12,93729.81,7.84052496,true
2025-05-06T09:30:00Z,93645.01,93753.79,93515.23,93649,10.0642407,true
2025-05-06T09:15:00Z,93780.1,93833.28,93515.23,93645.01,8.28462028,true
2025-05-06T09:00:00Z,93740.9,93833.28,93588.51,93780.1,10.05097649,true
2025-05-06T08:45:00Z,93674.12,93778.42,93605.58,93740.9,10.81197461,true
2025-05-06T08:30:00Z,93551.67,93767.8,93356.61,93674.12,8.67156265,true
2025-05-06T08:15:00Z,93673.03,93849.29,93429.49,93551.67,9.301482,true
2025-05-06T08:00:00Z,93931.08,94030.29,93579.44,93673.03,9.24027342,true
2025-05-06T07:45:00Z,93902.89,94030.29,93813.09,93931.08,10.29100548,true
2025-05-06T07:30:00Z,93813.09,94031.65,93813.09,93902.89,11.07364551,true
2025-05-06T07:15:00Z,93813.09,94027.34,93813.09,93813.09,10.8483062,true
2025-05-06T07:00:00Z,93972.18,93999.51,93813.09,93813.09,9.55657619,true
2025-05-06T06:45:00Z,93789.08,93981.65,93366.5,93972.18,14.34046357,true
2025-05-06T06:30:00Z,93833.55,93946.04,93630.18,93789.08,10.96891391,true
2025-05-06T06:15:00Z,93539.05,93928.03,93426.61,93833.55,8.66672681,true
2025-05-06T06:00:00Z,92695.45,93918.66,92691.15,93539.05,9.10107237,true
2025-05-06T05:45:00Z,93812.41,93906.48,92695.45,92695.45,10.13173054,true
2025-05-06T05:30:00Z,93654.86,93897.61,92946.66,93812.41,8.61689765,true
2025-05-06T05:15:00Z,93986.13,93998.04,93654.86,93654.86,10.56436106,true
2025-05-06T05:00:00Z,93442.64,93998.04,93193.35,93986.13,10.14592438,true
2025-05-06T04:45:00Z,93943.23,93961.01,93442.64,93442.64,7.66555757,true
2025-05-06T04:30:00Z,93792.17,93961.01,93193.35,93943.23,10.32478283,true
2025-05-06T04:15:00Z,93248.97,93924.46,93248.97,93792.17,11.44923456,true
2025-05-06T04:00:00Z,93815.97,93867.91,93248.97,93248.97,10.51247292,true
2025-05-06T03:45:00Z,93440.69,93861.41,93392.75,93815.97,7.90541398,true
2025-05-06T03:30:00Z,93842.2,93842.2,93440.69,93440.69,10.20929777,true
2025-05-06T03:15:00Z,93814.73,93861.41,93608.85,93842.2,11.97011186,true
2025-05-06T03:00:00Z,93608.85,93861.41,93608.85,93814.73,12.88144716,true
2025-05-06T02:45:00Z,93575.56,93710.18,93441.13,93608.85,11.92698256,true
2025-05-06T02:30:00Z,88638.48,93785.54,88638.48,93575.56,12.10158695,true
2025-05-06T02:15:00Z,93627.39,93763.05,81065.32,88638.48,13.88967195,true
2025-05-06T02:00:00Z,93539.71,93879.5,93232.72,93627.39,8.54262786,true
2025-05-06T01:45:00Z,93910.1,94004.02,93446.25,93539.71,8.51995927,true
2025-05-06T01:30:00Z,94197.3,94291.51,93628.48,93910.1,7.97163524,true
2025-05-06T01:15:00Z,94122.91,94291.51,94045.58,94197.3,13.47986593,true
2025-05-06T01:00:00Z,93795.14,94268.53,93775.03,94122.91,15.30377455,true
2025-05-06T00:45:00Z,94162.95,94200.54,93795.14,93795.14,9.72680323,true
2025-05-06T00:30:00Z,94050.33,94200.54,93989.37,94162.95,11.36850043,true
2025-05-06T00:15:00Z,94069.64,94267.68,93844.93,94050.33,7.51530154,true
2025-05-06T00:00:00Z,94037.99,94293.36,93951.52,94069.64,9.11429125,true
2025-05-05T23:45:00Z,94152.49,94331.63,94037.99,94037.99,7.65504224,true
2025-05-05T23:30:00Z,94329.21,94440.76,94152.49,94152.49,8.0452602,true
2025-05-05T23:15:00Z,94476.26,94594.61,94329.2,94329.21,9.67619368,true
2025-05-05T23:00:00Z,93538.37,94531.22,92107.03,94476.26,18.07088112,true
2025-05-05T22:45:00Z,94147.65,94353.48,93538.37,93538.37,9.52502209,true
2025-05-05T22:30:00Z,94218.98,94339.54,93892.85,94147.65,15.46685457,true
2025-05-05T22:15:00Z,94192.4,94257.7,93803.53,94218.98,8.2168178,true
2025-05-05T22:00:00Z,93538.4,94257.7,93538.37,94192.4,11.17439067,true
2025-05-05T21:45:00Z,93797.22,94183.92,91687.27,93538.4,15.35577438,true
2025-05-05T21:30:00Z,93761.58,94038.65,93335.25,93797.22,12.92105128,true
2025-05-05T21:15:00Z,93648.67,93842.19,91929.89,93761.58,13.03730672,true
2025-05-05T21:00:00Z,93158.69,93762.5,92488.42,93648.67,8.48405732,true
2025-05-05T20:45:00Z,81065.32,93842.19,80879.05,93158.69,17.44760008,true
2025-05-05T20:30:00Z,93719.01,93842.19,81065.32,81065.32,8.3169656,true
2025-05-05T20:15:00Z,93596,93850.94,93595.99,93719.01,9.60100814,true
2025-05-05T20:00:00Z,93768.66,94143.74,93595.99,93596,7.68336735,true
2025-05-05T19:45:00Z,94044.13,94183.92,93768.66,93768.66,7.22053369,true
2025-05-05T19:30:00Z,94076.33,94183.92,93895.87,94044.13,8.19789442,true
2025-05-05T19:15:00Z,94075.12,94183.92,93895.87,94076.33,17.34667723,true
2025-05-05T19:00:00Z,94156.42,94172.54,93297.06,94075.12,19.09051252,true
2025-05-05T18:45:00Z,93996.23,94156.43,93297.07,94156.42,22.26183938,true
2025-05-05T18:30:00Z,93683.95,94097.76,93683.95,93996.23,12.26507043,true
2025-05-05T18:15:00Z,93683.95,94016.85,93683.95,93683.95,11.72168396,true
2025-05-05T18:00:00Z,93890.63,94014.45,93683.95,93683.95,13.20246624,true
2025-05-05T17:45:00Z,93802.1,93931.88,93477.73,93890.63,8.58150736,true
2025-05-05T17:30:00Z,93815.41,93895.91,93483.7,93802.1,12.25801793,true
2025-05-05T17:15:00Z,93509.8,93833.69,93297.06,93815.41,13.53492198,true
2025-05-05T17:00:00Z,88732.2,93871.22,88732.2,93509.8,11.79963848,true
2025-05-05T16:45:00Z,91952.39,93871.22,88732.2,88732.2,10.04570291,true
2025-05-05T16:30:00Z,93871.22,93871.22,91415.21,91952.39,11.06424842,true
2025-05-05T16:15:00Z,81065.32,93871.22,80907.79,93871.22,24.196301,true
2025-05-05T16:00:00Z,81146.47,82769.41,81038.75,81065.32,16.04395165,true
2025-05-05T15:45:00Z,92821.29,93330.61,81065.32,81146.47,8.16500768,true
2025-05-05T15:30:00Z,93106.7,93199.82,92821.29,92821.29,8.10887627,true
2025-05-05T15:15:00Z,93158.84,93392.99,92253.1,93106.7,11.65648468,true
2025-05-05T15:00:00Z,93616.17,93709.8,93158.84,93158.84,10.05590163,true
2025-05-05T14:45:00Z,92314.89,93779.46,92253.1,93616.17,10.3282294,true
2025-05-05T14:30:00Z,81146.48,93829.52,81065.32,92314.89,14.97734867,true
2025-05-05T14:15:00Z,93435.36,93820.73,81065.32,81146.48,9.06061245,true
2025-05-05T14:00:00Z,93200.34,93773.2,93200.34,93435.36,11.68274314,true
2025-05-05T13:45:00Z,93702.27,93743.79,93200.34,93200.34,12.02945217,true
2025-05-05T13:30:00Z,93789.62,93872.29,93473.7,93702.27,9.73949245,true
2025-05-05T13:15:00Z,93872.29,93872.29,93647.84,93789.62,10.09992002,true
2025-05-05T13:00:00Z,93747.88,93872.29,93675.32,93872.29,8.6353487,true
2025-05-05T12:45:00Z,93592.38,93864.03,92927.78,93747.88,9.46494961,true
2025-05-05T12:30:00Z,93607,93880.9,93592.38,93592.38,13.86891476,true
2025-05-05T12:15:00Z,92927.78,93698.17,92927.78,93607,19.09805575,true
2025-05-05T12:00:00Z,93337.72,93606.45,92927.78,92927.78,9.08643458,true
2025-05-05T11:45:00Z,93178.4,93591.93,93082.34,93337.72,9.64960324,true
2025-05-05T11:30:00Z,93369.56,93627.22,93178.4,93178.4,9.90667837,true
2025-05-05T11:15:00Z,93632.78,93747.84,93369.56,93369.56,12.83640229,true
2025-05-05T11:00:00Z,93610.18,93704.68,93496.45,93632.78,8.48084249,true
2025-05-05T10:45:00Z,93681.74,93996.59,93496.45,93610.18,10.22135876,true
2025-05-05T10:30:00Z,93901.08,93996.59,93681.74,93681.74,8.11497236,true
2025-05-05T10:15:00Z,93974.33,94040.93,93754.24,93901.08,11.23507306,true
2025-05-05T10:00:00Z,93880.45,94132.23,93880.44,93974.33,10.03996428,true
2025-05-05T09:45:00Z,94065.98,94166.27,93880.44,93880.45,9.33916252,true
2025-05-05T09:30:00Z,94114.54,94155.62,93624.32,94065.98,9.71907917,true
2025-05-05T09:15:00Z,93886.47,94123.7,93624.32,94114.54,10.99477939,true
2025-05-05T09:00:00Z,93672,94146.67,93365.21,93886.47,11.86981724,true
2025-05-05T08:45:00Z,93968.81,94173.34,93672,93672,9.57229657,true
2025-05-05T08:30:00Z,93872.18,94137.12,93672,93968.81,8.60520377,true
2025-05-05T08:15:00Z,93952.09,94247.68,93672,93872.18,10.271796,true
2025-05-05T08:00:00Z,94267.47,94328.15,93858.22,93952.09,9.0300275,true
2025-05-05T07:45:00Z,94044.81,94328.15,94044.81,94267.47,10.18627777,true
2025-05-05T07:30:00Z,93979.79,94231.78,93672,94044.81,9.92505471,true
2025-05-05T07:15:00Z,93804.89,94166.29,93059.43,93979.79,9.52053125,true
2025-05-05T07:00:00Z,93997.01,94189.45,93804.89,93804.89,9.98319883,true
2025-05-05T06:45:00Z,94015.32,94089.47,93587.15,93997.01,10.99378176,true
2025-05-05T06:30:00Z,93918.59,94082.43,93587.15,94015.32,15.08915842,true
2025-05-05T06:15:00Z,81146.47,94004.7,81065.32,93918.59,18.06450631,true
2025-05-05T06:00:00Z,93684.69,93981.05,81038.75,81146.47,18.99749758,true
2025-05-05T05:45:00Z,93778.53,93970.46,93684.69,93684.69,14.2594959,true
2025-05-05T05:30:00Z,93799.51,93903.03,93440.59,93778.53,10.58729032,true
2025-05-05T05:15:00Z,93266.62,93893.32,93241.14,93799.51,11.14578595,true
2025-05-05T05:00:00Z,81038.75,93756.83,81038.75,93266.62,17.85058597,true
2025-05-05T04:45:00Z,93195.38,93709.81,81038.75,81038.75,15.68682872,true
2025-05-05T04:30:00Z,93582.62,93705.22,93102.27,93195.38,10.41983999,true
2025-05-05T04:15:00Z,93483.21,93689.47,93397.7,93582.62,13.32492889,true
2025-05-05T04:00:00Z,93566.28,93654.89,93103.11,93483.21,9.14819352,true
2025-05-05T03:45:00Z,93563.53,93705.22,92426.54,93566.28,10.38336201,true
2025-05-05T03:30:00Z,93595.35,93705.22,81065.32,93563.53,15.52624356,true
2025-05-05T03:15:00Z,93583.8,93689.64,93273.22,93595.35,9.47344183,true
2025-05-05T03:00:00Z,93448.13,93827.73,93446.18,93583.8,10.06097445,true
2025-05-05T02:45:00Z,93813.26,93907.08,93448.13,93448.13,9.73599279,true
2025-05-05T02:30:00Z,93762.52,93920.11,93605.19,93813.26,9.03369094,true
2025-05-05T02:15:00Z,93448.13,93874.75,93448.13,93762.52,9.08871207,true
2025-05-05T02:00:00Z,93408.89,93520.6,93100.58,93448.13,11.41581867,true
2025-05-05T01:45:00Z,92220.41,93609.2,92220.41,93408.89,10.96369804,true
2025-05-05T01:30:00Z,93780.38,93839.43,92220.41,92220.41,9.5060798,true
2025-05-05T01:15:00Z,93534.18,94015.85,93534.17,93780.38,10.13805351,true
2025-05-05T01:00:00Z,81146.47,94299.6,81065.32,93534.18,19.2807889,true
2025-05-05T00:45:00Z,94172.01,94196.3,81065.32,81146.47,14.59812973,true
2025-05-05T00:30:00Z,94051.69,94172.01,93800.69,94172.01,12.0632395,true
2025-05-05T00:15:00Z,93968.09,94075.08,93800.69,94051.69,9.47642143,true
2025-05-05T00:00:00Z,93931.93,94025.87,88710.7,93968.09,13.8997112,true
2025-05-04T23:45:00Z,81065.32,94204.12,80821.88,93931.93,15.53031664,true
2025-05-04T23:30:00Z,94029.63,94299.6,81065.32,81065.32,9.52252594,true
2025-05-04T23:15:00Z,93013.5,94370.8,93013.5,94029.63,10.39956362,true
2025-05-04T23:00:00Z,94463.92,94590.57,93013.5,93013.5,9.92731027,true
2025-05-04T22:45:00Z,94385.65,94547.94,94336.54,94463.92,7.80732206,true
2025-05-04T22:30:00Z,94754.78,94848.5,93980.3,94385.65,10.49516969,true
2025-05-04T22:15:00Z,94883.32,95111.28,94561.22,94754.78,8.60090376,true
2025-05-04T22:00:00Z,95218.21,95239.49,94883.32,94883.32,9.62668405,true
2025-05-04T21:45:00Z,95119.51,95238.63,94929.61,95218.21,11.70618014,true
2025-05-04T21:30:00Z,95184.33,95226.44,94963.91,95119.51,12.63918867,true
2025-05-04T21:15:00Z,95143.76,95224.07,95018.76,95184.33,11.4883388,true
2025-05-04T21:00:00Z,94824.94,95143.77,94532.94,95143.76,14.05612498,true
2025-05-04T20:45:00Z,94586.9,95061.8,94216.88,94824.94,9.75459171,true
2025-05-04T20:30:00Z,94702.06,95048.01,94586.9,94586.9,10.12627974,true
2025-05-04T20:15:00Z,94939.82,95047.97,94702.06,94702.06,11.09933596,true
2025-05-04T20:00:00Z,94807.46,95046.27,94464.9,94939.82,17.71970024,true
2025-05-04T19:45:00Z,94984.87,95018.06,94698.24,94807.46,15.14357758,true
2025-05-04T19:30:00Z,94863.46,94984.87,94464.9,94984.87,11.82416714,true
2025-05-04T19:15:00Z,94530.62,94978.52,94220.87,94863.46,11.42911179,true
2025-05-04T19:00:00Z,94937.03,94980.38,94530.62,94530.62,9.21562113,true
2025-05-04T18:45:00Z,94947.29,94980.38,94817.85,94937.03,10.19960916,true
2025-05-04T18:30:00Z,94315.1,94947.51,94220.87,94947.29,10.19640604,true
2025-05-04T18:15:00Z,94927.24,94975.66,89483.42,94315.1,12.23391704,true
2025-05-04T18:00:00Z,94918.74,94965.34,94792.87,94927.24,8.21384004,true
2025-05-04T17:45:00Z,94841.61,94948.07,94631.5,94918.74,9.79691205,true
2025-05-04T17:30:00Z,94387.64,94936.46,94387.64,94841.61,9.83610573,true
2025-05-04T17:15:00Z,94771.29,94909.05,92976.47,94387.64,12.58923192,true
2025-05-04T17:00:00Z,94263.64,94909.05,89483.42,94771.29,14.51578237,true
2025-05-04T16:45:00Z,94413.33,94892.74,94216.37,94263.64,9.38102256,true
2025-05-04T16:30:00Z,94739.52,94975.66,94413.33,94413.33,8.18248975,true
2025-05-04T16:15:00Z,94739.52,95000.12,94739.52,94739.52,9.96712639,true
2025-05-04T16:00:00Z,94988.75,95080.75,94739.52,94739.52,9.36420515,true
2025-05-04T15:45:00Z,92448.58,95058.47,89483.42,94988.75,10.14360936,true
2025-05-04T15:30:00Z,95083.48,95178.57,81065.32,92448.58,13.35903385,true
2025-05-04T15:15:00Z,95102.42,95209.07,94963,95083.48,9.90519941,true
2025-05-04T15:00:00Z,94795.29,95185.19,93055.27,95102.42,11.62836851,true
2025-05-04T14:45:00Z,94949.92,95044.87,94795.29,94795.29,7.26488035,true
2025-05-04T14:30:00Z,94954.35,94987.29,93704.24,94949.92,10.94312572,true
2025-05-04T14:15:00Z,94254.16,94969.43,81065.32,94954.35,15.466624,true
2025-05-04T14:00:00Z,94775.72,94870.51,94254.16,94254.16,7.97046992,true
2025-05-04T13:45:00Z,94722.63,94945.34,94368.39,94775.72,8.64825597,true
2025-05-04T13:30:00Z,94825.72,94966.29,94418.1,94722.63,9.90997022,true
2025-05-04T13:15:00Z,94936.48,95066.71,94526.6,94825.72,9.8815519,true
2025-05-04T13:00:00Z,94969.87,95066.71,94802.56,94936.48,10.16591838,true
2025-05-04T12:45:00Z,94974.83,95056.1,94802.56,94969.87,10.3591426,true
2025-05-04T12:30:00Z,94963.21,95048.93,94630.61,94974.83,11.74142917,true
2025-05-04T12:15:00Z,94475.08,95035.33,94475.08,94963.21,9.84841665,true
2025-05-04T12:00:00Z,94673.84,94971.6,94475.08,94475.08,9.15097378,true
2025-05-04T11:45:00Z,94836.48,95066.71,94673.84,94673.84,10.88898918,true
2025-05-04T11:30:00Z,94812.35,95070.92,94673.84,94836.48,12.28179907,true
2025-05-04T11:15:00Z,94981.33,95096.68,94812.35,94812.35,10.71062592,true
2025-05-04T11:00:00Z,94854.43,95104.98,94673.84,94981.33,11.76093861,true
2025-05-04T10:45:00Z,94876.08,95055.76,94460.75,94854.43,11.2337482,true
2025-05-04T10:30:00Z,94532.33,95006.99,94494.08,94876.08,11.17291962,true
2025-05-04T10:15:00Z,94858.64,95090.48,94532.33,94532.33,7.9550875,true
2025-05-04T10:00:00Z,94989.64,95090.48,94858.64,94858.64,9.56752878,true
2025-05-04T09:45:00Z,94707.69,95070.76,94694.96,94989.64,9.69705634,true
2025-05-04T09:30:00Z,94925.39,95184.24,94707.69,94707.69,9.46853472,true
2025-05-04T09:15:00Z,95074.62,95184.24,94925.39,94925.39,8.24745665,true
2025-05-04T09:00:00Z,95101.33,95219.12,94490.73,95074.62,10.58417363,true
2025-05-04T08:45:00Z,95051.76,95219.12,94840.53,95101.33,11.67627494,true
2025-05-04T08:30:00Z,95217.17,95354.54,94898.49,95051.76,9.36501906,true
2025-05-04T08:15:00Z,95118.57,95400.33,95103.07,95217.17,10.08147937,true
2025-05-04T08:00:00Z,95147.47,95427.46,95103.07,95118.57,11.71706315,true
2025-05-04T07:45:00Z,94967.55,95508.33,94898.49,95147.47,8.72385591,true
2025-05-04T07:30:00Z,95466.65,95519.18,94967.55,94967.55,9.66130929,true
2025-05-04T07:15:00Z,95312.7,95519.18,95112.71,95466.65,11.47119666,true
2025-05-04T07:00:00Z,95279.96,95512.7,95132.21,95312.7,11.32564739,true
2025-05-04T06:45:00Z,95330.94,95512.7,95279.96,95279.96,10.37410499,true
2025-05-04T06:30:00Z,95457.78,95492.95,95294.22,95330.94,10.18194372,true
2025-05-04T06:15:00Z,95371.51,95479.09,95130.94,95457.78,13.01269401,true
2025-05-04T06:00:00Z,94674.47,95456.9,94249.69,95371.51,10.63270602,true
2025-05-04T05:45:00Z,95172.43,95456.9,94662.61,94674.47,14.412425,true
2025-05-04T05:30:00Z,95165.61,95404.34,93838.57,95172.43,10.23252952,true
2025-05-04T05:15:00Z,95054.33,95335.67,94647.34,95165.61,11.2555338,true
2025-05-04T05:00:00Z,94941.79,95131.9,93838.57,95054.33,10.71989792,true
2025-05-04T04:45:00Z,95020.94,95283.24,94735.58,94941.79,9.176599,true
2025-05-04T04:30:00Z,95396.67,95474.51,95020.94,95020.94,8.53977994,true
2025-05-04T04:15:00Z,95301.36,95474.51,95301.36,95396.67,11.89701963,true
2025-05-04T04:00:00Z,95232.55,95474.51,94736.44,95301.36,10.37044211,true
2025-05-04T03:45:00Z,95341.84,95437.59,94735.58,95232.55,8.30458581,true
2025-05-04T03:30:00Z,94469.43,95370.49,94469.43,95341.84,9.65554954,true
2025-05-04T03:15:00Z,95104.53,95370.49,94469.43,94469.43,9.54283357,true
2025-05-04T03:00:00Z,95141.8,95574.52,81065.32,95104.53,15.79500697,true
2025-05-04T02:45:00Z,95160.35,95463.25,95046.74,95141.8,8.73113571,true
2025-05-04T02:30:00Z,95678,95774.4,95160.35,95160.35,8.74007758,true
2025-05-04T02:15:00Z,95700.92,95808.58,95527.01,95678,7.72607789,true
2025-05-04T02:00:00Z,95250.42,95709.92,95100.4,95700.92,13.00544208,true
2025-05-04T01:45:00Z,95198.78,95370.02,95129.07,95250.42,10.4344902,true
2025-05-04T01:30:00Z,95506.59,95741.03,95036.19,95198.78,8.57411528,true
2025-05-04T01:15:00Z,95401.79,95506.59,95036.19,95506.59,7.96014261,true
2025-05-04T01:00:00Z,95245.95,95493.32,95036.19,95401.79,9.70041806,true
2025-05-04T00:45:00Z,95198.54,95392.93,94796.99,95245.95,10.98468909,true
2025-05-04T00:30:00Z,95454.68,95548.17,95103.43,95198.54,9.25833992,true
2025-05-04T00:15:00Z,95307.86,95630.79,95103.43,95454.68,9.30211365,true
2025-05-04T00:00:00Z,95335.34,95489.64,94899.43,95307.86,9.13604872,true
2025-05-03T23:45:00Z,95108.48,95489.64,94967.69,95335.34,11.74532408,true
2025-05-03T23:30:00Z,95493.18,95644.54,95108.48,95108.48,10.12698091,true
2025-05-03T23:15:00Z,95342.06,95742.88,95342.06,95493.18,9.59615706,true
2025-05-03T23:00:00Z,95702.78,95746.07,95342.06,95342.06,8.7374279,true
2025-05-03T22:45:00Z,95679.93,95797.76,95488.67,95702.78,8.83359411,true
2025-05-03T22:30:00Z,95672.38,95797.76,95297.79,95679.93,8.97902502,true
2025-05-03T22:15:00Z,95847.92,95872.27,95300.56,95672.38,9.43308258,true
2025-05-03T22:00:00Z,95720.04,95914.3,95526.17,95847.92,8.70800426,true
2025-05-03T21:45:00Z,95352.3,95914.3,95332.7,95720.04,9.48743338,true
2025-05-03T21:30:00Z,95749.93,95875.14,95352.3,95352.3,9.37096334,true
2025-05-03T21:15:00Z,95758.08,95875.14,95397.63,95749.93,8.16302784,true
2025-05-03T21:00:00Z,95765.35,95909.93,95521.86,95758.08,10.75868716,true
2025-05-03T20:45:00Z,95828.12,95914.27,95430.26,95765.35,9.72792632,true
2025-05-03T20:30:00Z,95815.61,95911.44,95508.17,95828.12,10.0553946,true
2025-05-03T20:15:00Z,95848.73,95911.44,95678.3,95815.61,7.8486713,true
2025-05-03T20:00:00Z,95567.43,95896.5,95508.17,95848.73,11.66332003,true
2025-05-03T19:45:00Z,95648,95867.92,95381.41,95567.43,8.91779883,true
2025-05-03T19:30:00Z,95520.31,95837.53,95520.31,95648,12.63202794,true
2025-05-03T19:15:00Z,95332.77,95826.67,95332.77,95520.31,8.43973084,true
2025-05-03T19:00:00Z,95316.92,95759.78,95119.88,95332.77,9.60777163,true
2025-05-03T18:45:00Z,95498.9,95741.67,94965.82,95316.92,8.80417389,true
2025-05-03T18:30:00Z,95672.27,95796.43,95498.9,95498.9,10.43877184,true
2025-05-03T18:15:00Z,95663.3,95796.43,95530.36,95672.27,12.01990767,true
2025-05-03T18:00:00Z,94970.17,95701.29,94965.82,95663.3,10.59789964,true
2025-05-03T17:45:00Z,95503.27,95640.16,94970.17,94970.17,8.74817447,true
2025-05-03T17:30:00Z,95828.83,95924.67,95366.58,95503.27,8.07011225,true
2025-05-03T17:15:00Z,95691.77,95924.67,95366.58,95828.83,9.52679857,true
2025-05-03T17:00:00Z,95184.68,95815.64,95164.75,95691.77,11.74470243,true
2025-05-03T16:45:00Z,95587.15,95719.92,95184.68,95184.68,8.33815148,true
2025-05-03T16:30:00Z,95776.6,95957.12,95416.58,95587.15,10.12959666,true
2025-05-03T16:15:00Z,95761.07,96155.05,95416.58,95776.6,8.7453696,true
2025-05-03T16:00:00Z,95858.33,95958.67,95484.84,95761.07,9.01824326,true
2025-05-03T15:45:00Z,95880.09,95958.67,95735.76,95858.33,8.35421414,true
2025-05-03T15:30:00Z,95876.6,95924.48,95735.76,95880.09,11.80181983,true
2025-05-03T15:15:00Z,95892.36,95916.04,95212.51,95876.6,10.5787291,true
2025-05-03T15:00:00Z,95611.11,95898.79,95279.92,95892.36,13.70809564,true
2025-05-03T14:45:00Z,95802.25,95864.65,95611.1,95611.11,12.73732255,true
2025-05-03T14:30:00Z,95763.03,95837.66,95420.33,95802.25,12.56145816,true
2025-05-03T14:15:00Z,95529.65,95788.53,95423.35,95763.03,17.117124,true
2025-05-03T14:00:00Z,95647.08,95751.31,95434.21,95529.65,17.00452294,true
2025-05-03T13:45:00Z,95472.75,95740.85,95472.75,95647.08,14.09628051,true
2025-05-03T13:30:00Z,95474.43,95678.09,95279.92,95472.75,10.06311667,true
2025-05-03T13:15:00Z,95045.2,95660.71,95040.64,95474.43,16.19632587,true
2025-05-03T13:00:00Z,95584.86,95637.63,95045.2,95045.2,10.74445892,true
2025-05-03T12:45:00Z,95549.53,95584.86,95175.93,95584.86,12.83423161,true
2025-05-03T12:30:00Z,95446.02,95549.53,95052.94,95549.53,11.52778367,true
2025-05-03T12:15:00Z,95415.7,95541.48,95062.56,95446.02,8.99294525,true
2025-05-03T12:00:00Z,95111.08,95549.08,95104.77,95415.7,8.2805537,true
2025-05-03T11:45:00Z,95511.52,95546.22,95111.08,95111.08,9.94039358,true
2025-05-03T11:30:00Z,95432.37,95546.13,95259.48,95511.52,10.77073703,true
2025-05-03T11:15:00Z,95382.45,95526.77,95280.12,95432.37,10.02994899,true
2025-05-03T11:00:00Z,95540.49,95554.38,95280.12,95382.45,8.5502899,true
2025-05-03T10:45:00Z,95599.32,95620.08,95316.59,95540.49,9.09571686,true
2025-05-03T10:30:00Z,95682.15,95851.6,95503.81,95599.32,8.64580905,true
2025-05-03T10:15:00Z,95148,95736.12,95052.94,95682.15,8.82207522,true
2025-05-03T10:00:00Z,95742.41,95870.56,95052.94,95148,9.22366319,true
2025-05-03T09:45:00Z,95210,95870.56,81065.32,95742.41,14.68670086,true
2025-05-03T09:30:00Z,95824.34,95870.56,95035.28,95210,9.46160434,true
2025-05-03T09:15:00Z,95728.86,95880.6,95577.36,95824.34,12.56603137,true
2025-05-03T09:00:00Z,95834.61,95903.3,95577.36,95728.86,9.41140016,true
2025-05-03T08:45:00Z,95489.78,95897.5,95064.95,95834.61,10.50829276,true
2025-05-03T08:30:00Z,95878.85,95886.73,95489.78,95489.78,9.9508836,true
2025-05-03T08:15:00Z,95646.81,95897.02,95424.5,95878.85,10.70980513,true
2025-05-03T08:00:00Z,95835.72,95897.02,95646.81,95646.81,10.13004531,true
2025-05-03T07:45:00Z,95458.27,95896.73,95458.27,95835.72,10.67889261,true
2025-05-03T07:30:00Z,95719.73,95893.11,95458.27,95458.27,9.58629082,true
2025-05-03T07:15:00Z,95780.46,95893.11,95583.28,95719.73,10.01301268,true
2025-05-03T07:00:00Z,95677.25,95876.25,95458.27,95780.46,8.9468684,true
2025-05-03T06:45:00Z,95677.25,95893.11,95677.25,95677.25,9.58520603,true
2025-05-03T06:30:00Z,95766.92,95869.86,95239.79,95677.25,10.83277956,true
2025-05-03T06:15:00Z,95561.95,95897.02,94977.31,95766.92,8.54452285,true
2025-05-03T06:00:00Z,95402.31,95999.69,95250.12,95561.95,10.64521473,true
2025-05-03T05:45:00Z,96091.89,96109.24,95343.83,95402.31,8.0166179,true
2025-05-03T05:30:00Z,95936.94,96092.33,95936.94,96091.89,10.38453243,true
2025-05-03T05:15:00Z,95961.56,96084.05,95775.66,95936.94,8.19922183,true
2025-05-03T05:00:00Z,95903.46,96099.43,95839.23,95961.56,9.40559909,true
2025-05-03T04:45:00Z,96052.59,96062.87,95903.46,95903.46,8.91439205,true
2025-05-03T04:30:00Z,95983.9,96052.59,95491.9,96052.59,11.39786618,true
2025-05-03T04:15:00Z,95987.72,96027.64,95841.99,95983.9,9.44956855,true
2025-05-03T04:00:00Z,95885.15,96025.62,95520.8,95987.72,10.36800994,true
2025-05-03T03:45:00Z,95778.47,95981.05,95551.16,95885.15,10.43370296,true
2025-05-03T03:30:00Z,95938.89,96100.25,95682.78,95778.47,8.55106606,true
2025-05-03T03:15:00Z,95893.15,96100.25,95616.98,95938.89,8.68478785,true
2025-05-03T03:00:00Z,96063.45,96159.52,95893.15,95893.15,7.87839207,true
2025-05-03T02:45:00Z,96041.01,96147.2,95734.94,96063.45,8.67493564,true
2025-05-03T02:30:00Z,95343.83,96168.45,95343.83,96041.01,15.08182897,true
2025-05-03T02:15:00Z,95828.63,96053.42,95343.83,95343.83,8.87078773,true
2025-05-03T02:00:00Z,95999.86,96105.56,95828.63,95828.63,15.4946664,true
2025-05-03T01:45:00Z,96024.4,96071.03,95679.49,95999.86,8.62678794,true
2025-05-03T01:30:00Z,95823.11,96138.91,95786.1,96024.4,9.00889544,true
2025-05-03T01:15:00Z,96055.3,96183.3,95823.11,95823.11,7.56314563,true
2025-05-03T01:00:00Z,96239.56,96263.78,95959.33,96055.3,8.29660795,true
2025-05-03T00:45:00Z,96156.16,96305.08,96001.98,96239.56,8.79139962,true
2025-05-03T00:30:00Z,96218.35,96506.64,96007.47,96156.16,10.05143158,true
2025-05-03T00:15:00Z,96300.13,96400.89,95786.1,96218.35,8.65605743,true
2025-05-03T00:00:00Z,96300.13,96400.89,96300.13,96300.13,8.78688582,true
2025-05-02T23:45:00Z,96025.71,96400.89,95847.63,96300.13,12.03896224,true
2025-05-02T23:30:00Z,96025.72,96277.54,96025.71,96025.71,12.8997286,true
2025-05-02T23:15:00Z,96248.61,96276.55,95523.44,96025.72,8.47405908,true
2025-05-02T23:00:00Z,95523.44,96276.55,95523.44,96248.61,11.10847335,true
2025-05-02T22:45:00Z,96007.68,96269.43,95523.44,95523.44,8.23924187,true
2025-05-02T22:30:00Z,96176.72,96290.84,96007.68,96007.68,10.82409896,true
2025-05-02T22:15:00Z,96007.68,96273.78,96007.68,96176.72,9.5004427,true
2025-05-02T22:00:00Z,96061.93,96286.34,95834.32,96007.68,8.03709419,true
2025-05-02T21:45:00Z,96417.93,96514.36,95523.44,96061.93,9.39903118,true
2025-05-02T21:30:00Z,96430.73,96539.13,96295.41,96417.93,7.97103365,true
2025-05-02T21:15:00Z,96570.9,96573.18,96295.41,96430.73,11.40039824,true
2025-05-02T21:00:00Z,93584.32,96573.18,93244.47,96570.9,12.70290037,true
2025-05-02T20:45:00Z,81065.32,96549.57,80876.8,93584.32,31.69879762,true
2025-05-02T20:30:00Z,81146.47,81227.64,80876.8,81065.32,10.76859459,true
2025-05-02T20:15:00Z,96525.85,96549.57,81146.47,81146.47,7.61490839,true
2025-05-02T20:00:00Z,96440.69,96549.57,96146.56,96525.85,9.76835814,true
2025-05-02T19:45:00Z,96499.91,96573.18,96174.79,96440.69,13.5520385,true
2025-05-02T19:30:00Z,96517.53,96648.72,96174.79,96499.91,7.93362433,true
2025-05-02T19:15:00Z,96648.08,96648.72,96378.17,96517.53,8.17929166,true
2025-05-02T19:00:00Z,96378.17,96692.6,96378.17,96648.08,9.66243187,true
2025-05-02T18:45:00Z,97087.58,97109.7,94708.11,96378.17,9.73339029,true
2025-05-02T18:30:00Z,96804.7,97087.58,96804.7,97087.58,12.20086836,true
2025-05-02T18:15:00Z,96366.76,97076.15,95473.59,96804.7,9.89535868,true
2025-05-02T18:00:00Z,96915.99,97053.62,96366.76,96366.76,8.59707891,true
2025-05-02T17:45:00Z,96498.38,96916.88,96093.12,96915.99,7.65256904,true
2025-05-02T17:30:00Z,96723.19,96916.88,95912.75,96498.38,8.66158876,true
2025-05-02T17:15:00Z,96544.84,96860.52,96336.98,96723.19,7.52465614,true
2025-05-02T17:00:00Z,96786.36,96860.52,96544.84,96544.84,9.4901727,true
2025-05-02T16:45:00Z,96938.69,97204.35,96786.36,96786.36,8.37299687,true
2025-05-02T16:30:00Z,97097.7,97311.04,96938.68,96938.69,8.32569872,true
2025-05-02T16:15:00Z,97127.81,97235.23,96938.68,97097.7,11.30685553,true
2025-05-02T16:00:00Z,96753.15,97186.51,96749.92,97127.81,11.55700855,true
2025-05-02T15:45:00Z,96400.23,96788.46,95987.33,96753.15,11.98363509,true
2025-05-02T15:30:00Z,96696.6,96772.04,96400.23,96400.23,10.87843779,true
2025-05-02T15:15:00Z,96069.23,96768.21,96069.23,96696.6,28.18688405,true
2025-05-02T15:00:00Z,95904.57,96620.74,95546.54,96069.23,15.55047016,true
2025-05-02T14:45:00Z,96536.1,96604.89,95904.57,95904.57,25.08826806,true
2025-05-02T14:30:00Z,96311.85,96560.73,96147.01,96536.1,17.80161342,true
2025-05-02T14:15:00Z,95977.76,96486.41,95977.76,96311.85,16.65857425,true
2025-05-02T14:00:00Z,96241.57,96318.81,95977.76,95977.76,11.19365349,true
2025-05-02T13:45:00Z,96212.01,96467.76,96212.01,96241.57,10.76120149,true
2025-05-02T13:30:00Z,96290.7,96550.74,96050.89,96212.01,8.37745841,true
2025-05-02T13:15:00Z,96437,96550.74,96124.19,96290.7,10.44920197,true
2025-05-02T13:00:00Z,96534.79,96550.74,96408.08,96437,8.8513408,true
2025-05-02T12:45:00Z,96040.28,96534.79,95904.57,96534.79,15.93067929,true
2025-05-02T12:30:00Z,96164.75,96438.23,95904.57,96040.28,12.6323243,true
2025-05-02T12:15:00Z,96164.76,96438.23,96164.75,96164.75,8.27799405,true
2025-05-02T12:00:00Z,96390.62,96531.57,95350.66,96164.76,11.51035299,true
2025-05-02T11:45:00Z,96457.15,96531.57,96318.78,96390.62,9.73916649,true
2025-05-02T11:30:00Z,96450.08,96529.43,96318.78,96457.15,9.95348215,true
2025-05-02T11:15:00Z,96334.35,96492.82,96131.54,96450.08,16.44593658,true
2025-05-02T11:00:00Z,96143.01,96343.72,95897.99,96334.35,12.34058611,true
2025-05-02T10:45:00Z,95740.76,96340.5,95645.1,96143.01,13.34482295,true
2025-05-02T10:30:00Z,96115.23,96211.36,95645.1,95740.76,7.56313467,true
2025-05-02T10:15:00Z,95389.93,96260.28,95350.66,96115.23,16.38921546,true
2025-05-02T10:00:00Z,95865.3,96177,95389.93,95389.93,10.67761677,true
2025-05-02T09:45:00Z,95987.23,96158.86,95668.42,95865.3,9.76113416,true
2025-05-02T09:30:00Z,95165.17,96157.42,95033.96,95987.23,9.15351802,true
2025-05-02T09:15:00Z,96054.94,96150.99,95165.17,95165.17,8.0963446,true
2025-05-02T09:00:00Z,95750.51,96157.42,95630.36,96054.94,9.34968652,true
2025-05-02T08:45:00Z,95806.2,96157.42,95750.51,95750.51,11.01716676,true
2025-05-02T08:30:00Z,96051.9,96110.67,95630.36,95806.2,9.10291311,true
2025-05-02T08:15:00Z,95870.21,96051.9,95870.21,96051.9,11.91558838,true
2025-05-02T08:00:00Z,96086.84,96118.62,95391.11,95870.21,9.28261843,true
2025-05-02T07:45:00Z,95749.72,96118.62,95604.16,96086.84,8.74560488,true
2025-05-02T07:30:00Z,95888.2,96170.06,95749.72,95749.72,7.71482368,true
2025-05-02T07:15:00Z,95903.03,96269.27,95320.96,95888.2,8.42168563,true
2025-05-02T07:00:00Z,96285.78,96285.78,95903.03,95903.03,7.32567834,true
2025-05-02T06:45:00Z,95768.76,96285.78,95697.64,96285.78,10.09840271,true
2025-05-02T06:30:00Z,96194.07,96383.12,95768.76,95768.76,9.12433759,true
2025-05-02T06:15:00Z,96285.21,96381.5,95768.76,96194.07,7.98869494,true
2025-05-02T06:00:00Z,96187.57,96447.75,95959.21,96285.21,7.98943445,true
2025-05-02T05:45:00Z,96210.1,96455.69,96055.28,96187.57,10.14725601,true
2025-05-02T05:30:00Z,96210.58,96455.69,96210.09,96210.1,9.88260364,true
2025-05-02T05:15:00Z,96349.12,96669.04,96023.18,96210.58,8.59759718,true
2025-05-02T05:00:00Z,96525.4,96578.7,96252.86,96349.12,9.67820261,true
2025-05-02T04:45:00Z,96393.06,96532.56,96271.98,96525.4,8.0700581,true
2025-05-02T04:30:00Z,96155.74,96762.12,96058.8,96393.06,10.59758886,true
2025-05-02T04:15:00Z,96695.37,96796.8,96155.74,96155.74,10.86799262,true
2025-05-02T04:00:00Z,96349.73,96796.8,96349.72,96695.37,12.67952144,true
2025-05-02T03:45:00Z,96595.64,96658.92,95768.76,96349.73,11.33072705,true
2025-05-02T03:30:00Z,96516.1,96619.71,96159.97,96595.64,13.14305403,true
2025-05-02T03:15:00Z,96434.26,96567.09,96035.66,96516.1,10.14845987,true
2025-05-02T03:00:00Z,96416.85,96533.1,96261.36,96434.26,15.19538844,true
2025-05-02T02:45:00Z,93969.39,96501.85,93969.39,96416.85,18.29368874,true
2025-05-02T02:30:00Z,96333.57,96434.05,81146.47,93969.39,13.53670835,true
2025-05-02T02:15:00Z,96220.72,96427.94,96080.3,96333.57,13.61912755,true
2025-05-02T02:00:00Z,96315.4,96337.03,95807.61,96220.72,10.73181516,true
2025-05-02T01:45:00Z,96217.63,96315.4,94989.11,96315.4,12.62380055,true
2025-05-02T01:30:00Z,93692.25,96250.46,93692.25,96217.63,13.80788121,true
2025-05-02T01:15:00Z,93744.9,96229.5,81065.32,93692.25,14.23472472,true
2025-05-02T01:00:00Z,95387.44,96210.71,93744.89,93744.9,9.69754636,true
2025-05-02T00:45:00Z,93275.17,96197.4,92934.26,95387.44,13.25924857,true
2025-05-02T00:30:00Z,95363.71,96173.17,93275.17,93275.17,9.7498494,true
2025-05-02T00:15:00Z,96094.48,96173.17,95268.43,95363.71,8.55308878,true
2025-05-02T00:00:00Z,81065.32,96116.62,81065.32,96094.48,22.40295041,true
2025-05-01T23:45:00Z,81146.47,82769.41,80887.66,81065.32,18.5186962,true
2025-05-01T23:30:00Z,95861.09,95957.33,81065.32,81146.47,7.54302136,true
2025-05-01T23:15:00Z,82769.41,96003.17,81081.74,95861.09,14.87391023,true
2025-05-01T23:00:00Z,95425.65,95521.09,81065.32,82769.41,16.64149307,true
2025-05-01T22:45:00Z,95904.17,95982.53,95425.65,95425.65,7.85349116,true
2025-05-01T22:30:00Z,96052.64,96116.62,95748.86,95904.17,8.24527945,true
2025-05-01T22:15:00Z,95948.4,96099.7,95696.36,96052.64,8.9834194,true
2025-05-01T22:00:00Z,94927.31,96116.62,94447.24,95948.4,12.23670076,true
2025-05-01T21:45:00Z,95181.7,96229.5,94927.31,94927.31,8.67801618,true
2025-05-01T21:30:00Z,95991.46,96087.46,95181.7,95181.7,7.15717693,true
2025-05-01T21:15:00Z,95819.14,96229.5,95819.14,95991.46,9.51587318,true
2025-05-01T21:00:00Z,95819.49,96229.5,95614.62,95819.14,10.30054482,true
2025-05-01T20:45:00Z,96106.38,96230.55,95614.62,95819.49,8.79965817,true
2025-05-01T20:30:00Z,96209.68,96238.83,95614.63,96106.38,9.50537894,true
2025-05-01T20:15:00Z,95984.82,96231.65,95715.98,96209.68,16.31513303,true
2025-05-01T20:00:00Z,96062.08,96201.45,95738.55,95984.82,10.22598037,true
2025-05-01T19:45:00Z,96081.59,96182.3,95738.55,96062.08,9.49189398,true
2025-05-01T19:30:00Z,95875.51,96182.3,95742.11,96081.59,10.55731584,true
2025-05-01T19:15:00Z,96164.94,96356.04,95614.62,95875.51,7.71717821,true
2025-05-01T19:00:00Z,96117.09,96304.52,95779.72,96164.94,9.49661274,true
2025-05-01T18:45:00Z,96163.06,96304.52,95971.2,96117.09,14.77599594,true
2025-05-01T18:30:00Z,96080.14,96197.51,95779.72,96163.06,10.76667705,true
2025-05-01T18:15:00Z,96072.6,96192.18,95181.7,96080.14,10.22497374,true
2025-05-01T18:00:00Z,95440.23,96304.32,95297.21,96072.6,9.6944332,true
2025-05-01T17:45:00Z,96264.74,96361.01,95440.23,95440.23,7.58486796,true
2025-05-01T17:30:00Z,96616.27,96787.81,96264.74,96264.74,7.90737626,true
2025-05-01T17:15:00Z,96635.95,96787.81,96450.17,96616.27,9.39075438,true
2025-05-01T17:00:00Z,96624.85,96730.32,96264.74,96635.95,9.99071013,true
2025-05-01T16:45:00Z,96417.99,96693.98,95531.93,96624.85,12.26588646,true
2025-05-01T16:30:00Z,96471.86,96630.04,95735.63,96417.99,14.39462639,true
2025-05-01T16:15:00Z,95960.67,96580.42,95937.09,96471.86,7.80714989,true
2025-05-01T16:00:00Z,96514,96563.44,95960.67,95960.67,7.33524727,true
2025-05-01T15:45:00Z,96480.48,96576.97,96271.92,96514,7.91595977,true
2025-05-01T15:30:00Z,96573.95,96580.42,96063.81,96480.48,9.76627167,true
2025-05-01T15:15:00Z,95737.74,96578.97,95555.55,96573.95,27.3578773,true
2025-05-01T15:00:00Z,95769.69,96070.92,95737.74,95737.74,21.31694197,true
2025-05-01T14:45:00Z,95548.54,95981.26,95548.54,95769.69,11.34890501,true
2025-05-01T14:30:00Z,95876.7,95937.39,95297.21,95548.54,14.06854859,true
2025-05-01T14:15:00Z,95609.47,95881.37,95434.6,95876.7,9.58999525,true
2025-05-01T14:00:00Z,95521.35,95881.37,95433.87,95609.47,10.52131113,true
2025-05-01T13:45:00Z,95521.35,95923.37,95521.35,95521.35,11.1185942,true
2025-05-01T13:30:00Z,95808.1,95923.37,95521.35,95521.35,9.55310294,true
2025-05-01T13:15:00Z,95624.5,95891.24,95235.46,95808.1,15.84016572,true
2025-05-01T13:00:00Z,95818.39,95843.18,95624.5,95624.5,7.63552398,true
2025-05-01T12:45:00Z,95688.83,95828.36,95431,95818.39,8.73830306,true
2025-05-01T12:30:00Z,95729.99,95828.36,95431,95688.83,11.74020804,true
2025-05-01T12:15:00Z,95717.66,95806.72,95572.12,95729.99,9.40150338,true
2025-05-01T12:00:00Z,95330.71,95770.97,95235.46,95717.66,11.41501264,true
2025-05-01T11:45:00Z,95643.53,95699.04,94990.34,95330.71,11.2313842,true
2025-05-01T11:30:00Z,95301.24,95685.21,95158.23,95643.53,8.92079755,true
2025-05-01T11:15:00Z,95606.4,95770.97,95296.1,95301.24,7.46646894,true
2025-05-01T11:00:00Z,95111.66,95606.4,92000,95606.4,13.99134863,true
2025-05-01T10:45:00Z,95051.22,95264.67,94729.18,95111.66,22.75388233,true
2025-05-01T10:30:00Z,94503.1,95082.28,94503.1,95051.22,37.17654894,true
2025-05-01T10:15:00Z,94575.69,94752.26,94049.63,94503.1,22.15829745,true
2025-05-01T10:00:00Z,92717.38,94670.28,92344.06,94575.69,17.54898343,true
2025-05-01T09:45:00Z,92384.65,94646.67,92000,92717.38,13.16884503,true
2025-05-01T09:30:00Z,94547.36,94637.57,81065.32,92384.65,18.84265041,true
2025-05-01T09:15:00Z,94045.09,94613.41,81065.32,94547.36,27.47664993,true
2025-05-01T09:00:00Z,94390.42,94594.11,94045.09,94045.09,15.62086867,true
2025-05-01T08:45:00Z,94371.08,94578.68,94201.48,94390.42,14.54781839,true
2025-05-01T08:30:00Z,94085.73,94541.48,94085.73,94371.08,14.10187631,true
2025-05-01T08:15:00Z,94383.87,94541.23,94085.73,94085.73,8.94048803,true
2025-05-01T08:00:00Z,93754.22,94537.96,93463.95,94383.87,9.50255737,true
2025-05-01T07:45:00Z,94535.69,94535.69,93660.55,93754.22,8.81566886,true
2025-05-01T07:30:00Z,94398.98,94535.69,93324.54,94535.69,11.26600654,true
2025-05-01T07:15:00Z,94434.59,94500.55,91431.46,94398.98,11.8295926,true
2025-05-01T07:00:00Z,93797.29,94442.68,93607.51,94434.59,8.93728732,true
2025-05-01T06:45:00Z,94141.52,94422.31,93797.29,93797.29,8.93824133,true
2025-05-01T06:30:00Z,94370.59,94537.96,93923.7,94141.52,9.23775898,true
2025-05-01T06:15:00Z,94501.82,94537.96,93925.13,94370.59,10.95217076,true
2025-05-01T06:00:00Z,94331.25,94501.82,93923.7,94501.82,16.2188404,true
2025-05-01T05:45:00Z,94221.27,94498.05,93113.88,94331.25,21.02021072,true
2025-05-01T05:30:00Z,94070.36,94445.47,94039.96,94221.27,10.88892025,true
2025-05-01T05:15:00Z,94346.56,94431.99,94070.36,94070.36,10.81777117,true
2025-05-01T05:00:00Z,94241.27,94411.11,94197.25,94346.56,10.6643485,true
2025-05-01T04:45:00Z,94219.55,94392.54,94070.36,94241.27,10.89506916,true
2025-05-01T04:30:00Z,93948.94,94392.54,93767.49,94219.55,10.02784894,true
2025-05-01T04:15:00Z,94366.27,94391.33,93948.94,93948.94,8.5390273,true
2025-05-01T04:00:00Z,94166.68,94366.27,93974.97,94366.27,10.96515364,true
2025-05-01T03:45:00Z,94347.51,94354.16,94166.68,94166.68,10.80233336,true
2025-05-01T03:30:00Z,94182.93,94347.51,93974.97,94347.51,14.83967497,true
2025-05-01T03:15:00Z,94292.18,94292.18,93767.48,94182.93,10.97532089,true
2025-05-01T03:00:00Z,94183.07,94292.18,93767.48,94292.18,16.65791545,true
2025-05-01T02:45:00Z,93823.22,94197.41,93501.54,94183.07,13.69521309,true
2025-05-01T02:30:00Z,93342.18,94181.4,93113.88,93823.22,15.5089601,true
2025-05-01T02:15:00Z,93937,94170.53,93248.92,93342.18,13.9255556,true
2025-05-01T02:00:00Z,93600.16,94137.23,93248.92,93937,17.88921168,true
2025-05-01T01:45:00Z,93880.18,93973.43,93564.02,93600.16,11.29037172,true
2025-05-01T01:30:00Z,93715.81,93954.95,92934.88,93880.18,17.20889046,true
2025-05-01T01:15:00Z,93753.43,93898.94,93483.88,93715.81,21.08759057,true
2025-05-01T01:00:00Z,93215.12,93838.85,93168.95,93753.43,16.77514556,true
2025-05-01T00:45:00Z,93796.83,93821.66,93215.12,93215.12,15.44524699,true
2025-05-01T00:30:00Z,93731.76,93804.69,93536.86,93796.83,9.81037759,true
2025-05-01T00:15:00Z,93611.96,93774.11,93415.7,93731.76,9.41644569,true
2025-05-01T00:00:00Z,93398.46,93754.83,93219.85,93611.96,9.86489508,true
2025-04-30T23:45:00Z,93637.72,93748.46,93398.46,93398.46,9.27829852,true
2025-04-30T23:30:00Z,93567.04,93774.11,93266.45,93637.72,9.28044393,true
2025-04-30T23:15:00Z,93509.3,93771.18,93509.3,93567.04,12.03537704,true
2025-04-30T23:00:00Z,93590.37,93723.79,93375.19,93509.3,8.41671772,true
2025-04-30T22:45:00Z,93718.59,93812.32,93457.14,93590.37,10.38758779,true
2025-04-30T22:30:00Z,93980.3,94074.29,93578.23,93718.59,10.65893204,true
2025-04-30T22:15:00Z,93659.72,94130.91,93601,93980.3,8.77643624,true
2025-04-30T22:00:00Z,94130.49,94130.91,93659.72,93659.72,9.0412906,true
2025-04-30T21:45:00Z,94049.94,94139.51,93915.93,94130.49,8.61061097,true
2025-04-30T21:30:00Z,94080.69,94154.98,93851.91,94049.94,10.12275219,true
2025-04-30T21:15:00Z,93986.55,94124.45,93659.72,94080.69,11.34300998,true
2025-04-30T21:00:00Z,94043.32,94107.3,93848.85,93986.55,9.34961249,true
2025-04-30T20:45:00Z,93802.21,94099.57,93659.72,94043.32,15.47218554,true
2025-04-30T20:30:00Z,93326.39,93985.41,93326.39,93802.21,26.8641162,true
2025-04-30T20:15:00Z,93558.48,93733.51,93326.39,93326.39,13.36159229,true
2025-04-30T20:00:00Z,93285,93668.26,92964.94,93558.48,12.54947741,true
2025-04-30T19:45:00Z,93440.11,93514.97,93094.88,93285,11.09992903,true
2025-04-30T19:30:00Z,93355.91,93440.81,93114.29,93440.11,9.65501345,true
2025-04-30T19:15:00Z,93598.15,93685.81,93355.91,93355.91,10.75931881,true
2025-04-30T19:00:00Z,93667.7,93667.7,92873.3,93598.15,8.50973629,true
2025-04-30T18:45:00Z,93550.95,93667.7,93416.28,93667.7,9.19923222,true
2025-04-30T18:30:00Z,93622.23,93648.62,93416.28,93550.95,9.56876745,true
2025-04-30T18:15:00Z,93318.63,93648.05,93099.21,93622.23,13.05200728,true
2025-04-30T18:00:00Z,93148.78,93634.7,93111.87,93318.63,8.29425137,true
2025-04-30T17:45:00Z,93574.43,93595.93,93148.78,93148.78,7.98566164,true
2025-04-30T17:30:00Z,93150.73,93574.43,92873.3,93574.43,21.63316568,true
2025-04-30T17:15:00Z,93150.73,93517.28,93150.73,93150.73,9.19973608,true
2025-04-30T17:00:00Z,92770.77,93517.28,92596.69,93150.73,8.3294987,true
2025-04-30T16:45:00Z,92827.2,93382.37,92770.77,92770.77,13.99070546,true
2025-04-30T16:30:00Z,92656.85,93288.87,92596.69,92827.2,11.33347488,true
2025-04-30T16:15:00Z,92983.06,93076.05,92656.85,92656.85,7.38867216,true
2025-04-30T16:00:00Z,93204.2,93520.13,92983.06,92983.06,7.67754691,true
2025-04-30T15:45:00Z,93224.39,93523.57,92983.06,93204.2,8.44656224,true
2025-04-30T15:30:00Z,92997.83,93580.36,92742.35,93224.39,10.44200199,true
2025-04-30T15:15:00Z,93521.89,93521.89,92997.82,92997.83,8.36977244,true
2025-04-30T15:00:00Z,93435.41,93521.89,92997.82,93521.89,9.33645833,true
2025-04-30T14:45:00Z,93488.93,93705.73,92997.82,93435.41,12.63877178,true
2025-04-30T14:30:00Z,92932.8,93502.88,92753.23,93488.93,12.14284504,true
2025-04-30T14:15:00Z,92622.18,93157.06,91566.42,92932.8,16.53713395,true
2025-04-30T14:00:00Z,90602.39,93031.72,90602.39,92622.18,11.39314074,true
2025-04-30T13:45:00Z,93629.11,93808.16,81065.32,90602.39,14.83168207,true
2025-04-30T13:30:00Z,93629.11,94002.21,93629.11,93629.11,8.24941982,true
2025-04-30T13:15:00Z,93804.48,93906.24,93451.7,93629.11,9.30274631,true
2025-04-30T13:00:00Z,93654.6,94429.56,93494.6,93804.48,8.44774101,true
2025-04-30T12:45:00Z,93905.71,94116.33,93462.2,93654.6,9.7725041,true
2025-04-30T12:30:00Z,94272.05,94399.87,93905.71,93905.71,7.94948272,true
2025-04-30T12:15:00Z,94265.73,94548.8,94074.46,94272.05,7.75940483,true
2025-04-30T12:00:00Z,94074.46,94546.13,94074.46,94265.73,10.97243704,true
2025-04-30T11:45:00Z,94488.6,94537.89,94074.46,94074.46,13.07828927,true
2025-04-30T11:30:00Z,94510.94,94510.94,94074.46,94488.6,9.26597275,true
2025-04-30T11:15:00Z,94279.02,94510.94,94074.48,94510.94,10.70558534,true
2025-04-30T11:00:00Z,94450.74,94506.72,94102.13,94279.02,8.89908137,true
2025-04-30T10:45:00Z,94324.99,94506.72,94074.48,94450.74,14.50853713,true
2025-04-30T10:30:00Z,94437.51,94461.14,94157.75,94324.99,12.08807744,true
2025-04-30T10:15:00Z,94212.48,94437.51,93869.92,94437.51,15.13532734,true
2025-04-30T10:00:00Z,93986,94336.96,93188.54,94212.48,9.75162308,true
2025-04-30T09:45:00Z,94081.43,94336.96,93738.87,93986,10.28998191,true
2025-04-30T09:30:00Z,93592.67,94332.65,91907.76,94081.43,12.33973586,true
2025-04-30T09:15:00Z,94100.28,94305.58,81522.28,93592.67,16.22754556,true
2025-04-30T09:00:00Z,94063.71,94285.12,93442.48,94100.28,12.06072956,true
2025-04-30T08:45:00Z,94142.88,94243.4,93980.46,94063.71,10.15778206,true
2025-04-30T08:30:00Z,94153.18,94255.52,93818.32,94142.88,10.10356392,true
2025-04-30T08:15:00Z,93860.24,94247.33,93786.67,94153.18,9.75827071,true
2025-04-30T08:00:00Z,94161.03,94191.01,93486.29,93860.24,8.66506722,true
2025-04-30T07:45:00Z,94038.49,94285.12,93553.12,94161.03,7.92372304,true
2025-04-30T07:30:00Z,94314.46,94388.57,94038.49,94038.49,7.83756476,true
2025-04-30T07:15:00Z,94282.12,94388.57,94038.49,94314.46,12.02605257,true
2025-04-30T07:00:00Z,93834.53,94376.41,93553.12,94282.12,8.64901842,true
2025-04-30T06:45:00Z,94266.17,94371.96,93834.53,93834.53,8.053279,true
2025-04-30T06:30:00Z,94440.23,94502.37,94266.17,94266.17,8.77136188,true
2025-04-30T06:15:00Z,94094.28,94466.87,93834.53,94440.23,9.89556904,true
2025-04-30T06:00:00Z,94327.54,94442.67,93890.88,94094.28,8.9752093,true
2025-04-30T05:45:00Z,94507.72,94530.57,94156.57,94327.54,9.56240869,true
2025-04-30T05:30:00Z,94524.95,94530.57,94213.88,94507.72,10.02494184,true
2025-04-30T05:15:00Z,94423.87,94527.83,94399.9,94524.95,5.45911878,true
2025-04-30T05:00:00Z,94355.89,94497.49,93553.13,94423.87,7.49923812,true
2025-04-30T04:45:00Z,94355.89,94364.87,94355.89,94355.89,3.848,true
2025-04-30T04:30:00Z,94268.06,94357.8,94091.17,94355.89,5.3249048,true
2025-04-30T04:15:00Z,94268.05,94321.38,94268.05,94268.06,8.888,true
2025-04-30T04:00:00Z,94224.39,94303.27,94091.17,94268.05,8.27353588,true
2025-04-30T03:45:00Z,94224.4,94253.64,94224.39,94224.39,8.01024028,true
2025-04-30T03:30:00Z,94114.65,94227.28,94091.17,94224.4,2.95733588,true
2025-04-30T03:15:00Z,94091.18,94223.28,94091.18,94114.65,1.138,true
2025-04-30T03:00:00Z,94131.1,94223.28,93959.24,94091.18,8.95401809,true
2025-04-30T02:45:00Z,93998.9,94159.5,93553.12,94131.1,9.94042674,true
2025-04-30T02:30:00Z,93982.21,94088.91,93835.63,93998.9,9.26053186,true
2025-04-30T02:15:00Z,93801.5,94172.61,93553.12,93982.21,11.12783216,true
2025-04-30T02:00:00Z,93932.1,94103.99,93553.12,93801.5,11.41919088,true
2025-04-30T01:45:00Z,93783.94,94103.99,93632.03,93932.1,11.44710743,true
2025-04-30T01:30:00Z,93978.83,94354.76,93783.94,93783.94,7.6891317,true
2025-04-30T01:15:00Z,93791.8,94061.03,93556.02,93978.83,8.58497137,true
2025-04-30T01:00:00Z,93820.13,93944.63,93639.22,93791.8,8.39785584,true
2025-04-30T00:45:00Z,94019.19,94067.46,93820.13,93820.13,9.43344703,true
2025-04-30T00:30:00Z,93931.42,94063.79,93286.87,94019.19,12.87010717,true
2025-04-30T00:15:00Z,93360.88,94002.34,93360.87,93931.42,11.10534819,true
2025-04-30T00:00:00Z,93139.45,93707.2,93139.45,93360.88,9.26972195,true
2025-04-29T23:45:00Z,92961.68,93465.34,81065.32,93139.45,15.56183032,true
2025-04-29T23:30:00Z,93224.78,93318.05,92961.67,92961.68,7.7469151,true
2025-04-29T23:15:00Z,93426.72,93520.15,93224.78,93224.78,7.73414834,true
2025-04-29T23:00:00Z,93570.43,93693.81,93253.55,93426.72,7.49381952,true
2025-04-29T22:45:00Z,93727.1,93804.27,93570.43,93570.43,9.77409186,true
2025-04-29T22:30:00Z,93397.61,93839.7,93025.5,93727.1,11.38543876,true
2025-04-29T22:15:00Z,93856.2,93950.07,93025.51,93397.61,9.68287816,true
2025-04-29T22:00:00Z,94128.26,94252.2,93856.2,93856.2,10.12941369,true
2025-04-29T21:45:00Z,94094.91,94198.24,93852.91,94128.26,8.52532198,true
2025-04-29T21:30:00Z,93715.42,94245.44,93370.79,94094.91,10.06811849,true
2025-04-29T21:15:00Z,94432.84,94531.85,93715.42,93715.42,13.30430724,true
2025-04-29T21:00:00Z,94022.95,94671.78,93715.42,94432.84,9.31392129,true
2025-04-29T20:45:00Z,94306.65,94523.05,93408.89,94022.95,9.21105183,true
2025-04-29T20:30:00Z,94343.54,94720.92,93408.89,94306.65,8.85772304,true
2025-04-29T20:15:00Z,94308.61,94761.71,93857.67,94343.54,8.76148279,true
2025-04-29T20:00:00Z,94616.48,94767.53,92962.25,94308.61,8.84836024,true
2025-04-29T19:45:00Z,94116.17,94767.53,92376.13,94616.48,15.24375224,true
2025-04-29T19:30:00Z,94634.97,94729.61,94116.17,94116.17,7.45104243,true
2025-04-29T19:15:00Z,94656.96,94729.61,94430.86,94634.97,10.62889468,true
2025-04-29T19:00:00Z,81146.48,94656.96,80949.72,94656.96,19.16011861,true
2025-04-29T18:45:00Z,81065.32,83013.14,80949.72,81146.48,21.12677655,true
2025-04-29T18:30:00Z,81146.47,82769.41,81058.22,81065.32,14.32185258,true
2025-04-29T18:15:00Z,94296.13,94296.13,80910.65,81146.47,8.58470249,true
2025-04-29T18:00:00Z,94633.56,94656.04,94201.92,94296.13,8.3986835,true
2025-04-29T17:45:00Z,94544.92,94652.64,93418.24,94633.56,9.93232229,true
2025-04-29T17:30:00Z,94650.66,94652.47,93488.17,94544.92,8.82850972,true
2025-04-29T17:15:00Z,94536.82,94652.47,94353.71,94650.66,13.94475481,true
2025-04-29T17:00:00Z,94284.62,94614.29,93576.28,94536.82,8.50007105,true
2025-04-29T16:45:00Z,94180.78,94616.14,93794.41,94284.62,14.1673607,true
2025-04-29T16:30:00Z,94270.37,94568.47,93894.78,94180.78,14.95586075,true
2025-04-29T16:15:00Z,94454.53,94500.29,93832.27,94270.37,8.77570944,true
2025-04-29T16:00:00Z,94430.88,94500.29,94132.13,94454.53,8.55594209,true
2025-04-29T15:45:00Z,93889.9,94474.49,93889.9,94430.88,2.0633316,true
2025-04-29T15:30:00Z,94250.87,94403.89,93889.9,93889.9,9.25126703,true
2025-04-29T15:15:00Z,94572.58,94618.39,93794.65,94250.87,10.72490142,true
2025-04-29T15:00:00Z,94058.77,94618.39,94058.77,94572.58,12.74363688,true
2025-04-29T14:45:00Z,94048.59,94435.02,93812.44,94058.77,14.24146332,true
2025-04-29T14:30:00Z,94285.64,94380.83,94048.59,94048.59,10.3482441,true
2025-04-29T14:15:00Z,94287.02,94523.28,93576.28,94285.64,9.59110508,true
2025-04-29T14:00:00Z,94240.44,94389.75,93877.62,94287.02,9.43796321,true
2025-04-29T13:45:00Z,94377.92,94411.24,93954.44,94240.44,14.8566004,true
2025-04-29T13:30:00Z,94183.06,94485.3,93954.44,94377.92,12.20385142,true
2025-04-29T13:15:00Z,94151.45,94427.39,93743.33,94183.06,9.81826086,true
2025-04-29T13:00:00Z,94389.91,94484.3,93874.18,94151.45,8.92626356,true
2025-04-29T12:45:00Z,94340.98,94491.21,94121.09,94389.91,8.51718147,true
2025-04-29T12:30:00Z,94201.09,94512.85,93874.18,94340.98,9.02611971,true
2025-04-29T12:15:00Z,94486.61,94576.63,94042.15,94201.09,8.68338791,true
2025-04-29T12:00:00Z,94441.32,94576.63,94042.15,94486.61,12.35505138,true
2025-04-29T11:45:00Z,94439.04,94565.37,94267.39,94441.32,11.16820669,true
2025-04-29T11:30:00Z,94301.57,94548.9,94042.15,94439.04,16.59321138,true
2025-04-29T11:15:00Z,94380.54,94510.36,94106.77,94301.57,14.89496934,true
2025-04-29T11:00:00Z,94322.91,94492.45,94147.29,94380.54,14.62550402,true
2025-04-29T10:45:00Z,94020.96,94409.41,93057.98,94322.91,9.29522176,true
2025-04-29T10:30:00Z,94382.18,94484.66,94020.96,94020.96,12.72188042,true
2025-04-29T10:15:00Z,94210.38,94473.35,93795.58,94382.18,7.90266545,true
2025-04-29T10:00:00Z,94358.98,94484.66,94210.38,94210.38,8.97647261,true
2025-04-29T09:45:00Z,94225.71,94466.68,94225.7,94358.98,11.76409105,true
2025-04-29T09:30:00Z,94205.41,94439,94018.75,94225.71,8.68522234,true
2025-04-29T09:15:00Z,94242.41,94439,93795.58,94205.41,11.49877183,true
2025-04-29T09:00:00Z,94167.97,94408.22,93961.31,94242.41,15.37757517,true
2025-04-29T08:45:00Z,94019.05,94384.37,93855.36,94167.97,12.05877853,true
2025-04-29T08:30:00Z,94221.97,94354.72,94019.05,94019.05,9.0844227,true
2025-04-29T08:15:00Z,93855.36,94354.72,93855.36,94221.97,21.91836274,true
2025-04-29T08:00:00Z,93449.81,94275.97,93057.98,93855.36,12.76307039,true
2025-04-29T07:45:00Z,94151.73,94275.97,93074.33,93449.81,13.79085079,true
2025-04-29T07:30:00Z,81146.47,94264.41,81145.6,94151.73,22.39600955,true
2025-04-29T07:15:00Z,93846.15,94204.98,81146.47,81146.47,14.47693147,true
2025-04-29T07:00:00Z,93984.16,94066.28,93846.15,93846.15,5.65568574,true
2025-04-29T06:45:00Z,93959.87,94061.78,93959.86,93984.16,7.15528569,true
2025-04-29T06:30:00Z,93254.08,93965.63,93254.08,93959.87,4.92156018,true
2025-04-29T06:15:00Z,93862.53,93964.83,81146.48,93254.08,10.03789598,true
2025-04-29T06:00:00Z,93800.15,93936.96,93800.14,93862.53,5.678,true
2025-04-29T05:45:00Z,93746.52,93847.11,93663.52,93800.15,2.83411818,true
2025-04-29T05:30:00Z,93413.2,93961.33,93311.38,93746.52,5.92155047,true
2025-04-29T05:15:00Z,93831.44,93961.33,93413.2,93413.2,9.80869188,true
2025-04-29T05:00:00Z,91672.4,93965.63,91672.4,93831.44,11.162855,true
2025-04-29T04:45:00Z,94082.24,94176.33,81384.91,91672.4,12.61342109,true
2025-04-29T04:30:00Z,93891.93,94286.24,93730.89,94082.24,10.19874182,true
2025-04-29T04:15:00Z,93922.86,94265.12,93772.06,93891.93,10.51538253,true
2025-04-29T04:00:00Z,94098.88,94265.12,93922.86,93922.86,13.15594539,true
2025-04-29T03:45:00Z,94081.25,94241.63,93772.06,94098.88,12.67360581,true
2025-04-29T03:30:00Z,93756.4,94194.41,93449.64,94081.25,10.10762642,true
2025-04-29T03:15:00Z,93975.15,94194.41,93756.4,93756.4,8.98146332,true
2025-04-29T03:00:00Z,94006.23,94293.08,93538.15,93975.15,11.64684656,true
2025-04-29T02:45:00Z,94092.83,94293.08,94006.22,94006.23,9.70873804,true
2025-04-29T02:30:00Z,93920.74,94448.56,93714,94092.83,10.80749875,true
2025-04-29T02:15:00Z,93966.59,94283.97,93538.15,93920.74,10.78380136,true
2025-04-29T02:00:00Z,94189.74,94455.94,93966.58,93966.59,8.09099226,true
2025-04-29T01:45:00Z,94597.4,94597.4,93983.09,94189.74,8.37239429,true
2025-04-29T01:30:00Z,94462.12,94597.4,94303.45,94597.4,11.48702946,true
2025-04-29T01:15:00Z,94509.39,94583.05,94145.05,94462.12,11.87363219,true
2025-04-29T01:00:00Z,94533.27,94540.79,94334.81,94509.39,10.45899093,true
2025-04-29T00:45:00Z,94340.05,94533.27,94145.05,94533.27,10.138911,true
2025-04-29T00:30:00Z,93826.32,94533.27,93538.15,94340.05,11.36026462,true
2025-04-29T00:15:00Z,94402.76,94463.66,93826.32,93826.32,8.54408848,true
2025-04-29T00:00:00Z,93538.15,94414.15,93538.15,94402.76,12.64644584,true
2025-04-28T23:45:00Z,93141.73,94379.64,93141.73,93538.15,11.36136496,true
2025-04-28T23:30:00Z,93678.76,94315.61,93141.73,93141.73,17.96176984,true
2025-04-28T23:15:00Z,93357,94184.57,93357,93678.76,9.94036308,true
2025-04-28T23:00:00Z,93934.57,94151.49,93357,93357,9.82663516,true
2025-04-28T22:45:00Z,93712.81,94151.49,93712.81,93934.57,14.47312142,true
2025-04-28T22:30:00Z,93684.77,94087.96,93029.25,93712.81,10.20935818,true
2025-04-28T22:15:00Z,93684.77,94061.56,93591.17,93684.77,12.37781057,true
2025-04-28T22:00:00Z,93767.71,93982.03,90364.63,93684.77,10.91399364,true
2025-04-28T21:45:00Z,93853.82,93865.99,93576.41,93767.71,8.56526785,true
2025-04-28T21:30:00Z,94061.56,94061.56,93729.86,93853.82,9.10756445,true
2025-04-28T21:15:00Z,93933.35,94061.56,93754.71,94061.56,9.06004157,true
2025-04-28T21:00:00Z,91569.9,94029.08,91569.9,93933.35,11.76363198,true
2025-04-28T20:45:00Z,94071.18,94242.55,91569.9,91569.9,10.64271027,true
2025-04-28T20:30:00Z,92091.23,94242.55,91569.9,94071.18,12.91169037,true
2025-04-28T20:15:00Z,93823.49,93917.32,92091.23,92091.23,7.70102624,true
2025-04-28T20:00:00Z,93280.86,94237.18,93187.66,93823.49,8.01957596,true
2025-04-28T19:45:00Z,93971.94,94223.07,93187.66,93280.86,9.28568443,true
2025-04-28T19:30:00Z,94096.23,94193.29,93648.57,93971.94,10.2922162,true
2025-04-28T19:15:00Z,93706.25,94190.34,93521.67,94096.23,19.87083681,true
2025-04-28T19:00:00Z,93569.56,93780.49,92854.84,93706.25,16.85352484,true
2025-04-28T18:45:00Z,93319.76,93700.56,93159.38,93569.56,12.04760382,true
2025-04-28T18:30:00Z,93370.51,93507.89,93226.52,93319.76,10.03284442,true
2025-04-28T18:15:00Z,93277.29,93481.38,93069.81,93370.51,10.46140243,true
2025-04-28T18:00:00Z,92098.37,93451.2,92098.37,93277.29,10.99478087,true
2025-04-28T17:45:00Z,93299.62,93433.67,92098.37,92098.37,11.88927047,true
2025-04-28T17:30:00Z,93268.42,93351.33,92325.03,93299.62,10.27958872,true
2025-04-28T17:15:00Z,92629.9,93363.6,92629.89,93268.42,10.07519352,true
2025-04-28T17:00:00Z,81957.94,93363.6,81146.47,92629.9,25.64594094,true
2025-04-28T16:45:00Z,88888.94,88977.84,81146.47,81957.94,16.64107244,true
2025-04-28T16:30:00Z,93205.31,93298.53,88888.94,88888.94,7.72920655,true
2025-04-28T16:15:00Z,93344.24,93377.65,92922.59,93205.31,7.47779413,true
2025-04-28T16:00:00Z,93098.46,93377.65,93098.46,93344.24,8.16686478,true
2025-04-28T15:45:00Z,92922.59,93367.94,92922.59,93098.46,7.55843316,true
2025-04-28T15:30:00Z,93364.02,93506.39,92922.59,92922.59,8.03992508,true
2025-04-28T15:15:00Z,92624.27,93823.34,92624.27,93364.02,9.00142912,true
2025-04-28T15:00:00Z,91722.22,94065.55,91582.99,92624.27,13.46267233,true
2025-04-28T14:45:00Z,81146.47,94065.55,81146.47,91722.22,17.91378031,true
2025-04-28T14:30:00Z,93592.97,93736.49,81146.47,81146.47,10.33557889,true
2025-04-28T14:15:00Z,93768.04,94065.55,92808.4,93592.97,9.61905167,true
2025-04-28T14:00:00Z,92808.4,93827.3,92808.4,93768.04,9.37918011,true
2025-04-28T13:45:00Z,94192.13,94286.33,92808.4,92808.4,8.49321967,true
2025-04-28T13:30:00Z,94469.59,94665.93,94192.13,94192.13,8.16379618,true
2025-04-28T13:15:00Z,94683.01,94945.56,94469.59,94469.59,9.48229032,true
2025-04-28T13:00:00Z,94837.12,94945.56,94469.59,94683.01,8.92175508,true
2025-04-28T12:45:00Z,94693.69,94931.96,94469.59,94837.12,8.3125711,true
2025-04-28T12:30:00Z,94564.7,94917.92,94246.22,94693.69,10.6848518,true
2025-04-28T12:15:00Z,94422.97,94823.92,94352.86,94564.7,6.18682658,true
2025-04-28T12:00:00Z,94596.03,94915.59,94422.97,94422.97,10.90559657,true
2025-04-28T11:45:00Z,94825.94,95132.5,94596.03,94596.03,8.66484831,true
2025-04-28T11:30:00Z,94886.11,95132.5,94751.44,94825.94,10.47324108,true
2025-04-28T11:15:00Z,94649.62,94957.94,94422.97,94886.11,14.84867483,true
2025-04-28T11:00:00Z,94470.69,94777.31,94196.86,94649.62,7.97594127,true
2025-04-28T10:45:00Z,94158.38,94777.31,93519.45,94470.69,9.32865601,true
2025-04-28T10:30:00Z,91402.48,94326.8,91328.41,94158.38,9.96871346,true
2025-04-28T10:15:00Z,93819.65,93913.48,91402.48,91402.48,7.66212367,true
2025-04-28T10:00:00Z,94326.8,94326.8,93819.65,93819.65,8.29234543,true
2025-04-28T09:45:00Z,94215.2,94563.49,94215.2,94326.8,2.08,true
2025-04-28T09:30:00Z,94060.39,94215.21,94060.39,94215.2,1.16484056,true
2025-04-28T09:15:00Z,94012.58,94372.6,93579.52,94060.39,7.9606845,true
2025-04-28T09:00:00Z,93833.1,94372.6,93833.09,94012.58,11.40263173,true
2025-04-28T08:45:00Z,94197.07,94307.21,93833.09,93833.1,9.18116057,true
2025-04-28T08:30:00Z,94358.16,94455.28,94197.07,94197.07,8.62250616,true
2025-04-28T08:15:00Z,94126.11,94452.53,94036.25,94358.16,9.82371623,true
2025-04-28T08:00:00Z,93908.55,94267.36,93814.73,94126.11,8.72275558,true
2025-04-28T07:45:00Z,94120.88,94264.87,93814.73,93908.55,9.05058654,true
2025-04-28T07:30:00Z,94196.5,94267.36,93977.11,94120.88,8.43497349,true
2025-04-28T07:15:00Z,93959,94196.5,93814.73,94196.5,12.95332994,true
2025-04-28T07:00:00Z,93917.49,94103.5,93624.43,93959,11.10589904,true
2025-04-28T06:45:00Z,93827.39,93942.96,93041.06,93917.49,11.87421049,true
2025-04-28T06:30:00Z,93742.65,93827.39,93065.35,93827.39,20.36234451,true
2025-04-28T06:15:00Z,93297.79,93784.94,93041.06,93742.65,18.57985888,true
2025-04-28T06:00:00Z,93625.61,93718.68,93297.79,93297.79,11.15382283,true
2025-04-28T05:45:00Z,93358.87,93683.38,93297.79,93625.61,9.72424019,true
2025-04-28T05:30:00Z,93117.05,93658.56,92785.04,93358.87,9.19639497,true
2025-04-28T05:15:00Z,93482.53,93658.56,93034.01,93117.05,14.73157221,true
2025-04-28T05:00:00Z,93283.65,93559.66,93071.7,93482.53,10.52277031,true
2025-04-28T04:45:00Z,91914.73,93499.72,91914.73,93283.65,12.14059557,true
2025-04-28T04:30:00Z,93251.29,93485.64,91914.73,91914.73,10.66983889,true
2025-04-28T04:15:00Z,93287.65,93443.32,92617.9,93251.29,10.56221962,true
2025-04-28T04:00:00Z,93272.93,93468.77,93132.24,93287.65,11.87479852,true
2025-04-28T03:45:00Z,93135.45,93407,92826.83,93272.93,10.07745498,true
2025-04-28T03:30:00Z,93238.87,93360.19,92960.84,93135.45,12.17307267,true
2025-04-28T03:15:00Z,93096.71,93238.87,92819.38,93238.87,15.69020763,true
2025-04-28T03:00:00Z,92919.71,93145.45,92635.43,93096.71,9.86283809,true
2025-04-28T02:45:00Z,92841.47,93132.26,92635.43,92919.71,13.37212669,true
2025-04-28T02:30:00Z,92835.5,92909.89,81146.47,92841.47,16.24912633,true
2025-04-28T02:15:00Z,92865.41,92877.59,92473.59,92835.5,9.34750337,true
2025-04-28T02:00:00Z,92994.6,93251.25,92413.58,92865.41,8.49858003,true
2025-04-28T01:45:00Z,93000,93207.35,92851.34,92994.6,8.18467498,true
2025-04-28T01:30:00Z,93000.01,93294.6,93000,93000,8.98845192,true
2025-04-28T01:15:00Z,93000,93101.4,93000,93000.01,8.1613067,true
2025-04-28T01:00:00Z,93000,93101.4,93000,93000,9.31797369,true
2025-04-28T00:45:00Z,93260.72,93273.84,93000,93000,9.03938256,true
2025-04-28T00:30:00Z,93025.03,93273.84,93000,93260.72,12.23220447,true
2025-04-28T00:15:00Z,93000,93274.73,93000,93025.03,8.52541999,true
2025-04-28T00:00:00Z,93162.7,93274.73,93000,93000,8.29300026,true
2025-04-27T23:45:00Z,93221.69,93333.87,93162.7,93162.7,7.27556492,true
2025-04-27T23:30:00Z,93325.69,93430.43,93221.69,93221.69,8.35836484,true
2025-04-27T23:15:00Z,93171.77,93453.72,93000,93325.69,10.26308813,true
2025-04-27T23:00:00Z,93516.27,93516.27,93171.77,93171.77,8.63933461,true
2025-04-27T22:45:00Z,93471.52,93516.27,93343.86,93516.27,10.63877214,true
2025-04-27T22:30:00Z,93502.93,93507.05,93000,93471.52,9.68028008,true
2025-04-27T22:15:00Z,93665.07,93733,93409.51,93502.93,9.696151,true
2025-04-27T22:00:00Z,93778.79,93928.37,93247.81,93665.07,9.9960724,true
2025-04-27T21:45:00Z,93490.79,93928.37,93490.79,93778.79,10.06557287,true
2025-04-27T21:30:00Z,93746.94,93925.16,93490.79,93490.79,13.04696443,true
2025-04-27T21:15:00Z,93620.99,93872.01,93588.58,93746.94,11.62573057,true
2025-04-27T21:00:00Z,93678.16,93793.38,93458.52,93620.99,10.12405945,true
2025-04-27T20:45:00Z,93810.18,93920.65,93498.23,93678.16,11.44111578,true
2025-04-27T20:30:00Z,93801.34,93920.65,93665.51,93810.18,9.99099095,true
2025-04-27T20:15:00Z,93498.23,93895.15,93498.23,93801.34,8.5121547,true
2025-04-27T20:00:00Z,93732.9,93866.81,93498.23,93498.23,8.84692025,true
2025-04-27T19:45:00Z,93496.59,93852.14,93264.14,93732.9,16.44111777,true
2025-04-27T19:30:00Z,93647.78,93756.97,93264.14,93496.59,15.21184075,true
2025-04-27T19:15:00Z,93668.44,93724.71,93466.07,93647.78,13.05703305,true
2025-04-27T19:00:00Z,93030.92,93670.25,93000,93668.44,16.08951998,true
2025-04-27T18:45:00Z,93375.9,93661.34,93030.92,93030.92,18.00523927,true
2025-04-27T18:30:00Z,93619.84,93641.83,93314,93375.9,10.84264828,true
2025-04-27T18:15:00Z,93627.58,93639.22,93222.88,93619.84,11.61192403,true
2025-04-27T18:00:00Z,93530.35,93630.95,93304.06,93627.58,9.42238795,true
2025-04-27T17:45:00Z,93316.11,93630.95,93222.89,93530.35,10.23007261,true
2025-04-27T17:30:00Z,93400.57,93621.26,93222.88,93316.11,9.55692717,true
2025-04-27T17:15:00Z,93093.01,93601.06,93000,93400.57,15.97153556,true
2025-04-27T17:00:00Z,93369.38,93411.66,93000,93093.01,9.87825083,true
2025-04-27T16:45:00Z,93221.05,93463.18,93169.46,93369.38,10.04410081,true
2025-04-27T16:30:00Z,93339.23,93509.31,93175.79,93221.05,10.24775737,true
2025-04-27T16:15:00Z,93409.65,93509.31,93000,93339.23,8.03111216,true
2025-04-27T16:00:00Z,93341.53,93468.03,93218.3,93409.65,9.77112951,true
2025-04-27T15:45:00Z,93402.29,93491.53,93218.3,93341.53,9.67429528,true
2025-04-27T15:30:00Z,93361.74,93455.11,93218.3,93402.29,8.12484249,true
2025-04-27T15:15:00Z,93353.04,93491.53,93218.3,93361.74,8.80088323,true
2025-04-27T15:00:00Z,93320.94,93536.06,93000,93353.04,8.29426129,true
2025-04-27T14:45:00Z,93424.9,93573.87,93320.93,93320.94,11.02006294,true
2025-04-27T14:30:00Z,93391.79,93524.85,93000,93424.9,11.62777728,true
2025-04-27T14:15:00Z,93401.63,93517.85,93211.75,93391.79,17.36116583,true
2025-04-27T14:00:00Z,93000,93460.9,93000,93401.63,13.22852493,true
2025-04-27T13:45:00Z,93445.06,93445.06,93000,93000,9.29215416,true
2025-04-27T13:30:00Z,93417.9,93445.06,93092.84,93445.06,10.44915504,true
2025-04-27T13:15:00Z,93336.19,93445.06,93192.25,93417.9,7.86359347,true
2025-04-27T13:00:00Z,93329.56,93443.95,93198.4,93336.19,9.25088206,true
2025-04-27T12:45:00Z,93322.78,93417.65,93198.4,93329.56,10.11036127,true
2025-04-27T12:30:00Z,93451.42,93451.42,93059.43,93322.78,10.70094182,true
2025-04-27T12:15:00Z,93302.93,93476.81,93217.09,93451.42,9.5556252,true
2025-04-27T12:00:00Z,93520.16,93621.26,93302.93,93302.93,10.80887388,true
2025-04-27T11:45:00Z,93551.61,93613.69,93398.65,93520.16,11.02594579,true
2025-04-27T11:30:00Z,93471.42,93588.82,93217.09,93551.61,8.66157609,true
2025-04-27T11:15:00Z,93491.42,93604.5,93311.73,93471.42,11.4383033,true
2025-04-27T11:00:00Z,93612.52,93626.9,93398.01,93491.42,9.01474738,true
2025-04-27T10:45:00Z,93523.91,93666.54,93398.01,93612.52,10.03957193,true
2025-04-27T10:30:00Z,93579.28,93677.65,93523.9,93523.91,8.40145504,true
2025-04-27T10:15:00Z,93448.29,93709.28,93217.09,93579.28,10.65761777,true
2025-04-27T10:00:00Z,93601.55,93717.98,93217.09,93448.29,10.71759181,true
2025-04-27T09:45:00Z,93775.75,93805.8,93225.61,93601.55,10.15636159,true
2025-04-27T09:30:00Z,93565.57,93779.5,93267.71,93775.75,8.51552327,true
2025-04-27T09:15:00Z,93295.91,93779.5,93267.71,93565.57,9.267082,true
2025-04-27T09:00:00Z,93733.48,93779.5,93295.91,93295.91,9.57731107,true
2025-04-27T08:45:00Z,93692.71,93778.26,93408.21,93733.48,12.04548064,true
2025-04-27T08:30:00Z,93615.26,93709.71,93561.61,93692.71,12.64239773,true
2025-04-27T08:15:00Z,93620.33,93692.23,93461.43,93615.26,9.04530079,true
2025-04-27T08:00:00Z,93334.9,93627.01,93295.91,93620.33,8.92892743,true
2025-04-27T07:45:00Z,93635.99,93665.84,93334.9,93334.9,8.96393567,true
2025-04-27T07:30:00Z,93564.2,93665.84,93434.69,93635.99,9.44049824,true
2025-04-27T07:15:00Z,93553.4,93645.55,93000,93564.2,10.09677678,true
2025-04-27T07:00:00Z,93093.01,93645.55,93000,93553.4,8.01381733,true
2025-04-27T06:45:00Z,93414.01,93507.42,93000,93093.01,7.55981921,true
2025-04-27T06:30:00Z,93409.83,93615.42,93000,93414.01,9.78460986,true
2025-04-27T06:15:00Z,93215.4,93602.47,93000,93409.83,9.42672243,true
2025-04-27T06:00:00Z,93404.55,93602.47,93215.4,93215.4,8.10701649,true
2025-04-27T05:45:00Z,93026.64,93642.28,93026.64,93404.55,10.79310477,true
2025-04-27T05:30:00Z,93592.21,93662.8,93026.64,93026.64,8.39774831,true
2025-04-27T05:15:00Z,93487.28,93662.8,93210.96,93592.21,9.11061012,true
2025-04-27T05:00:00Z,93256.31,93662.8,93210.96,93487.28,9.1926049,true
2025-04-27T04:45:00Z,93412.13,93734.09,93256.31,93256.31,9.97642821,true
2025-04-27T04:30:00Z,93623.21,93891,93412.13,93412.13,9.71625118,true
2025-04-27T04:15:00Z,93656.98,93857.96,93456.43,93623.21,9.83477599,true
2025-04-27T04:00:00Z,93674.51,93857.96,93256.31,93656.98,9.20983764,true
2025-04-27T03:45:00Z,93559.19,93852.36,93513.33,93674.51,8.65096172,true
2025-04-27T03:30:00Z,93799.88,93918.62,93559.19,93559.19,9.8525271,true
2025-04-27T03:15:00Z,93888.48,93918.87,93681.29,93799.88,10.7417299,true
2025-04-27T03:00:00Z,93771.06,93888.48,93513.33,93888.48,9.68104726,true
2025-04-27T02:45:00Z,93445.18,93918.87,93000,93771.06,10.24880267,true
2025-04-27T02:30:00Z,93734.46,93828.2,93089.33,93445.18,7.99011401,true
2025-04-27T02:15:00Z,93273.41,93918.87,93231.3,93734.46,10.87241958,true
2025-04-27T02:00:00Z,93750.2,93898.66,93273.41,93273.41,8.75787324,true
2025-04-27T01:45:00Z,93893.46,94384.07,93596.48,93750.2,9.76529448,true
2025-04-27T01:30:00Z,94068.46,94384.07,93893.46,93893.46,8.87948294,true
2025-04-27T01:15:00Z,93602.53,94364.58,93596.48,94068.46,12.82513727,true
2025-04-27T01:00:00Z,93273.41,94261.43,93273.41,93602.53,9.11728039,true
2025-04-27T00:45:00Z,93678.3,94252.67,93273.41,93273.41,14.70854454,true
2025-04-27T00:30:00Z,93465.01,94227.61,93375.36,93678.3,10.13758155,true
2025-04-27T00:15:00Z,94104.03,94214.09,93465.01,93465.01,8.4563574,true
2025-04-27T00:00:00Z,93581.88,94214.09,93465.01,94104.03,10.74577705,true
2025-04-26T23:45:00Z,93581.89,94225.01,93581.88,93581.88,7.75019803,true
2025-04-26T23:30:00Z,94168.42,94323.2,93581.89,93581.89,9.86910582,true
2025-04-26T23:15:00Z,94321.96,94384.93,93934.26,94168.42,9.3633405,true
2025-04-26T23:00:00Z,93891.37,94384.93,93828.93,94321.96,19.81737497,true
2025-04-26T22:45:00Z,93273.41,93952.96,93273.41,93891.37,22.80021223,true
2025-04-26T22:30:00Z,93447.32,93903.47,93273.41,93273.41,23.3171335,true
2025-04-26T22:15:00Z,93755.31,93881.17,93447.31,93447.32,13.03347523,true
2025-04-26T22:00:00Z,93749.07,93868.82,93547.63,93755.31,16.34196998,true
2025-04-26T21:45:00Z,93822.65,93855.22,93547.63,93749.07,11.49479618,true
2025-04-26T21:30:00Z,93390.13,93842.37,93000,93822.65,9.80782694,true
2025-04-26T21:15:00Z,93651.96,93842.37,93390.13,93390.13,11.00120391,true
2025-04-26T21:00:00Z,93662.86,93842.37,93611.75,93651.96,9.57386102,true
2025-04-26T20:45:00Z,93442.62,93831.91,93442.62,93662.86,9.49916924,true
2025-04-26T20:30:00Z,93700.78,93831.91,93246.94,93442.62,9.05092202,true
2025-04-26T20:15:00Z,93835.1,93861.03,93000,93700.78,8.3358899,true
2025-04-26T20:00:00Z,93557.3,93861.03,93557.3,93835.1,9.55878303,true
2025-04-26T19:45:00Z,93821.5,93823.86,93557.3,93557.3,10.10122111,true
2025-04-26T19:30:00Z,93639.05,93821.5,93639.02,93821.5,12.12645081,true
2025-04-26T19:15:00Z,93614.74,93729.16,93275.22,93639.05,10.69318661,true
2025-04-26T19:00:00Z,93615.13,93752.18,93614.74,93614.74,8.03343583,true
2025-04-26T18:45:00Z,93725.22,93946.92,93478.28,93615.13,9.43478341,true
2025-04-26T18:30:00Z,93873.4,93946.92,93725.22,93725.22,11.39983428,true
2025-04-26T18:15:00Z,93885.05,93932.73,93713.65,93873.4,10.27359354,true
2025-04-26T18:00:00Z,93869.11,93925.97,93478.28,93885.05,9.60164047,true
2025-04-26T17:45:00Z,93878.94,93919.88,93055.52,93869.11,10.16970691,true
2025-04-26T17:30:00Z,93815.79,93919.23,93171.63,93878.94,9.51058871,true
2025-04-26T17:15:00Z,93832.17,93915.87,93304.64,93815.79,10.76004839,true
2025-04-26T17:00:00Z,93747.82,93911.29,93512.85,93832.17,9.60488346,true
2025-04-26T16:45:00Z,93657.33,93911.29,93512.85,93747.82,13.17724277,true
2025-04-26T16:30:00Z,93322.26,93911.29,93304.78,93657.33,9.26573871,true
2025-04-26T16:15:00Z,93736.3,93932.31,93322.26,93322.26,9.14111268,true
2025-04-26T16:00:00Z,93742.49,93857.81,93055.62,93736.3,10.70703496,true
2025-04-26T15:45:00Z,93815.52,93854.08,93063.54,93742.49,10.80297948,true
2025-04-26T15:30:00Z,93687.81,93843.71,93687.81,93815.52,8.21049886,true
2025-04-26T15:15:00Z,93419.18,93830.42,93182.97,93687.81,11.06984989,true
2025-04-26T15:00:00Z,93564.1,93830.42,93419.18,93419.18,11.40981406,true
2025-04-26T14:45:00Z,93384.68,93706.08,93209.43,93564.1,13.20921722,true
2025-04-26T14:30:00Z,93209.43,93653.83,93209.43,93384.68,8.96361149,true
2025-04-26T14:15:00Z,93600.64,93693.47,93209.43,93209.43,12.21195966,true
2025-04-26T14:00:00Z,93419.33,93693.47,93209.43,93600.64,8.55661524,true
2025-04-26T13:45:00Z,93682.94,93696.07,93000,93419.33,8.85288414,true
2025-04-26T13:30:00Z,93651.03,93744.69,93000,93682.94,8.39414601,true
2025-04-26T13:15:00Z,93580.91,93787.04,93281.52,93651.03,8.82931977,true
2025-04-26T13:00:00Z,93650.43,93824.62,93511.36,93580.91,12.24183097,true
2025-04-26T12:45:00Z,93000.01,93789.71,93000,93650.43,14.34756157,true
2025-04-26T12:30:00Z,93527.02,93766.01,93000,93000.01,8.23621124,true
2025-04-26T12:15:00Z,93613.49,93747.46,93000,93527.02,8.78596149,true
2025-04-26T12:00:00Z,93277.17,93747.46,93277.17,93613.49,11.93008561,true
